2024-03-16 20:35:06.065720,text,rahul gandhi
2024-03-16 20:45:13.996203,text,rahul gandhi
2024-03-16 20:47:49.079648,text,rahul gandhi
2024-03-16 20:48:46.624299,text,rahul gandhi
2024-03-16 20:54:16.306886,text,rahul gandhi
2024-03-16 20:55:54.829764,text,rahul gandhi
2024-03-16 20:56:40.536560,text,rahul gandhi was with a spanish actress 
2024-03-16 21:25:41.675963,text,rahul gandhi was with a spanish actress 
2024-03-16 21:27:18.345035,text,rahul gandhi with spanish girl
2024-03-16 21:31:29.101732,text,rahul gandhi with spanish girl
2024-03-16 21:42:52.207772,text,rahul gandhi with spanish girl
2024-03-16 22:08:28.943190,text,rahul gandhi with spanish girl
2024-03-17 14:22:01.176465,text,rahul gandhi
2024-03-17 14:23:39.028213,text,rahul gandhi
2024-03-17 14:26:14.514221,text,rahul gandhi
2024-03-17 14:28:59.310471,text,rahul gandhi
2024-03-17 14:29:59.011931,text,rahul gandhi
2024-03-17 14:31:33.166601,text,rahul gandhi
2024-03-17 14:32:19.830663,text,rahul gandhi
2024-03-17 14:34:01.150114,text,rahul gandhi
2024-03-17 14:34:13.531605,text,rahul gandhi
2024-03-17 14:34:51.965266,text,rahul gandhi
2024-03-17 14:44:40.556445,text,rahul gandhi
2024-03-17 14:45:44.533263,text,rahul gandhi
2024-03-17 15:02:28.498663,text,rahul gandhi
2024-03-17 15:03:00.665409,text,rahul gandhi is islam not
2024-03-17 15:08:43.440644,text,rahul gandhi
2024-03-17 15:09:38.460705,text,rahul gandhi
2024-03-17 15:11:38.412475,text,rahul gandhi
2024-03-17 15:12:34.278567,text,rahul gandhi
2024-03-17 15:14:17.770507,text,rahul gandhi
2024-03-17 15:14:58.977548,text,rahul gandhi
2024-03-17 15:15:22.743244,text,rahul gandhi
2024-03-17 15:16:16.361118,text,rahul gandhi
2024-03-17 15:16:34.667421,text,rahul gandhi
2024-03-17 15:19:28.102392,text,rahul gandhi
2024-03-17 15:20:54.713432,text,rahul gandhi is a muslim
2024-03-17 15:22:00.868249,text,rahul gandhi is a muslim
2024-03-17 15:22:13.612188,text,rahul gandhi
2024-03-17 15:23:40.841259,text,rahul gandhi is islam not
2024-03-17 15:23:55.328725,text,rahul gandhi is islam not
2024-03-17 15:24:41.991306,text,sonia gandhi is bjp
2024-03-17 15:25:50.829638,text,sonia gandhi is bjp
2024-03-17 15:27:11.925636,text,sonia gandhi is bjp
2024-03-17 15:27:41.903623,text,rahul gandhi
2024-03-17 15:28:22.221953,text,rahul gandhi has joined bjp
2024-03-17 15:29:09.699237,text,rahul gandhi has joined bjp
2024-03-17 18:32:54.108160,text,rahul gandhi is islam not
2024-03-17 18:34:13.052017,text,rahul gandhi is islam not
2024-03-17 18:35:30.050442,text,rahul gandhi is islam not
2024-03-17 18:36:10.945063,text,rahul gandhi is a muslim
2024-03-17 18:37:21.339650,text,narendra modi wearing kurta with biden
2024-03-17 18:39:31.996155,text,narendra modi and joe biden wearing kurta
2024-03-17 18:41:15.218592,text,rahul gandhi is a muslim
2024-03-17 18:43:21.512842,text,rahul gandhi is a muslim
2024-03-17 18:55:14.961188,text,rahul gandhi is a muslim
2024-03-17 18:56:44.768756,text,elon musk went to morrcoco 
2024-03-17 18:58:23.784405,text,priyanka chopra said something religious
2024-03-17 19:03:00.209108,text,priyanka chopra said something religious
2024-03-17 19:09:38.603654,text,priyanka chopra said something religious
2024-03-17 19:10:25.054463,text,priyanka chopra said something religious
2024-03-17 19:10:46.892234,text,priyanka chopra said something religious
2024-03-17 19:12:07.462494,text,priyanka chopra said something religious
2024-03-17 22:04:38.278359,text,priyanka chopra is religious
2024-03-17 22:06:17.456309,text,priyanka chopra is religious
2024-03-17 22:36:39.698793,text,priyanka chopra said something religious
2024-03-17 22:39:02.515565,text,priyanka chopra said something religious
2024-03-17 22:40:30.554092,text,priyanka chopra said something religious
2024-03-17 22:41:28.556142,text,priyanka chopra said something religious
2024-03-17 22:43:16.393235,text,priyanka chopra said something religious
2024-03-18 01:21:45.357906,text,priyanka chopra said something religious
2024-03-18 01:22:56.581035,text,priyanka chopra said something religious
2024-03-18 01:23:41.979561,text,priyanka chopra said something religious
2024-03-18 01:24:25.251554,text,priyanka chopra said something religious
2024-03-18 01:29:38.620752,text,priyanka chopra said something religious
2024-03-18 01:31:42.771165,text,priyanka chopra said something about muslim
2024-03-18 01:32:30.717316,text,priyanka chopra said something about muslim
2024-03-18 01:33:28.776751,text,priyanka chopra said something about muslims
2024-03-18 01:39:32.179852,text,priyanka chopra said something about muslims
2024-03-18 01:39:33.458391,text,priyanka chopra said something about muslims
2024-03-18 01:41:51.109208,text,priyanka chopra said something about muslims
2024-03-18 01:52:27.869328,text,priyanka chopra said something about muslims
2024-03-18 01:55:29.287822,text,priyanka chopra said something about muslims
2024-03-18 01:56:22.260297,text,priyanka chopra said something about muslims
2024-03-18 01:57:36.964116,text,priyanka chopra said something about muslims
2024-03-18 01:58:09.386034,text,priyanka chopra said something about muslims
2024-03-18 02:00:18.394864,text,priyanka chopra said something about muslims
2024-03-18 02:42:19.946651,text,priyanka chopra said something about muslims
2024-03-18 02:42:51.102130,text,priyanka chopra said something about muslims
2024-03-18 02:43:07.751697,text,priyanka chopra said something about muslims
2024-03-18 02:44:00.098998,text,priyanka chopra said something about muslims
2024-03-18 02:44:14.687354,text,priyanka chopra said something about muslims
2024-03-18 02:51:01.010278,text,priyanka chopra said something about muslims
2024-03-18 02:52:54.576845,text,priyanka chopra said something about muslims
2024-03-18 02:53:48.220357,text,priyanka chopra said something about muslims
2024-03-18 02:57:55.142397,text,priyanka chopra said something about muslims
2024-03-18 03:11:40.001019,text,priyanka chopra said something about muslims
2024-03-18 03:14:44.017925,text,priyanka chopra said something about muslims
2024-03-18 03:15:21.354577,text,priyanka chopra said something about muslims
2024-03-18 03:15:59.358968,text,priyanka chopra said something about muslims
2024-03-18 03:20:31.208673,text,priyanka chopra said something about muslims
2024-03-18 03:20:47.487242,text,priyanka chopra said something about muslims
2024-03-18 03:21:32.886762,text,priyanka chopra said muslims are bad 
2024-03-18 03:22:01.776842,text,priyanka chopra said muslims are bad
2024-03-18 03:25:19.558432,text,priyanka chopra statement causing communal riots
2024-03-18 03:25:58.855906,text,priyanka chopra statement causing communal riots
2024-03-18 03:30:16.970093,text,priyanka chopra 
2024-03-18 03:31:47.923941,text,priyanka chopra 
2024-03-18 03:32:38.627610,text,priyanka chopra 
2024-03-18 03:41:00.670231,image,/9j/4QAYRXhpZgAASUkqAAgAAAAAAAAAAAAAAP/sABFEdWNreQABAAQAAAAyAAD/4QNvaHR0cDovL25zLmFkb2JlLmNvbS94YXAvMS4wLwA8P3hwYWNrZXQgYmVnaW49Iu+7vyIgaWQ9Ilc1TTBNcENlaGlIenJlU3pOVGN6a2M5ZCI/PiA8eDp4bXBtZXRhIHhtbG5zOng9ImFkb2JlOm5zOm1ldGEvIiB4OnhtcHRrPSJBZG9iZSBYTVAgQ29yZSA1LjMtYzAxMSA2Ni4xNDU2NjEsIDIwMTIvMDIvMDYtMTQ6NTY6MjcgICAgICAgICI+IDxyZGY6UkRGIHhtbG5zOnJkZj0iaHR0cDovL3d3dy53My5vcmcvMTk5OS8wMi8yMi1yZGYtc3ludGF4LW5zIyI+IDxyZGY6RGVzY3JpcHRpb24gcmRmOmFib3V0PSIiIHhtbG5zOnhtcE1NPSJodHRwOi8vbnMuYWRvYmUuY29tL3hhcC8xLjAvbW0vIiB4bWxuczpzdFJlZj0iaHR0cDovL25zLmFkb2JlLmNvbS94YXAvMS4wL3NUeXBlL1Jlc291cmNlUmVmIyIgeG1sbnM6eG1wPSJodHRwOi8vbnMuYWRvYmUuY29tL3hhcC8xLjAvIiB4bXBNTTpPcmlnaW5hbERvY3VtZW50SUQ9InhtcC5kaWQ6NjBDNTA4MEQ1NEY2RTkxMTlDQkRBOTcyODU3NzhDQzkiIHhtcE1NOkRvY3VtZW50SUQ9InhtcC5kaWQ6QTExQ0M3NjYyODlCMTFFQUEwMzhBNUY0QzA4QkU2MjAiIHhtcE1NOkluc3RhbmNlSUQ9InhtcC5paWQ6QTExQ0M3NjUyODlCMTFFQUEwMzhBNUY0QzA4QkU2MjAiIHhtcDpDcmVhdG9yVG9vbD0iQWRvYmUgUGhvdG9zaG9wIENTNiAoV2luZG93cykiPiA8eG1wTU06RGVyaXZlZEZyb20gc3RSZWY6aW5zdGFuY2VJRD0ieG1wLmlpZDpEMzU4MDc4Mjg5MjhFQTExQjJBNUQwNzkxOTI1NTUwQSIgc3RSZWY6ZG9jdW1lbnRJRD0ieG1wLmRpZDo2MEM1MDgwRDU0RjZFOTExOUNCREE5NzI4NTc3OENDOSIvPiA8L3JkZjpEZXNjcmlwdGlvbj4gPC9yZGY6UkRGPiA8L3g6eG1wbWV0YT4gPD94cGFja2V0IGVuZD0iciI/Pv/uAA5BZG9iZQBkwAAAAAH/2wCEAAgGBgYGBggGBggMCAcIDA4KCAgKDhANDQ4NDRARDA4NDQ4MEQ8SExQTEg8YGBoaGBgjIiIiIycnJycnJycnJycBCQgICQoJCwkJCw4LDQsOEQ4ODg4REw0NDg0NExgRDw8PDxEYFhcUFBQXFhoaGBgaGiEhICEhJycnJycnJycnJ//AABEIAgoCuAMBIgACEQEDEQH/xADEAAEAAgIDAQAAAAAAAAAAAAAABgcEBQEDCAIBAQACAwEBAAAAAAAAAAAAAAABBAIDBQYHEAABAwMCAwMGCwUDBwgKAwABAAIDEQQFEgYhMQdBURNhcZEiMhSB0UKSI1Ok5BVmGKGxUnIWwWIzgrJDJFUXCKJjczRUJSY28OHxwuKDdDVFN5NEJxEBAAIBAgMFBQUHAwQDAAAAAAECAxEEITESQVFxEwVhgZEiMqGxwUIG0VJikiMzFOFygvDxosKyQxX/2gAMAwEAAhEDEQA/APP6IiAiIgIiICIiAiIgIiICIiAiIgIiICIiAiIgIiICIiAiIgIiICIiAiIgIiICIiAiIgIiICIiAiIgIiICIiAiIgIiICIiAiIgIiICIiAiIgIiICIiAiIgIiICIiAiIgIiICIiAiIgIiICIiAiIgIiICIiAiIgIiICIiAiIgIiICIiAiIgIiICIiAiIgIiICIiAiIgIiICIiAiIgIiICIiAiIgIiICIiAiIgIiICIiAiIgIiICIiAiIgIiICIiAiIgIiICIiAiIgIiICIiAiIgIiICIiAiIgIiICIiAiIgIiICIiAiIgIiICIiAiIgIiICIiAiIgIiICIiAiIgIiICIiAiIgIiICIiAiIgIiICIiAiIgIiICIiAiIgIiICIiAiIgIiICIiAiIgIiICIiAiIgIiICIiAiIgIiICIiAiIgIiICIiAiIgIiICIiAiIgIiICIiAiIgIiICIiAiIgIiICIiAiIgIiICIiAiIgIiICIiAiIgIiICIiAiIgIiICIiAiIgIiICIiAiIgIiICIiAiIgIiICIiAiIgIiICIiAiIgIiICIiAiIgIiICIiAiIgIiICIiAiIgIiICIiAiIgIiICIiAiIgIiICIiAiIgIiICIiAiIgIiICIiAiIgIiICIiAiIgIiICIiAiIgIiICIiAiIgIiICIiAiIgIiICIiAiIgIiICIiAiIgIiICIiAiIgIiICIiAiIgIiICIiAiIgIiICIiAiIgIiICIiAiIgIiICIiAiIgIiICIiAiIgIiICIiAiLlAAqhCsDaXSfPbngF4aWtoeIfJUVHeFJpuiVhENDs7C2btaXdvzUFMIrFzXR3dGMjdcWjW5C3AqHQVPD4VALi3ntJXQXMbopW8HMcKEIOlFyuEBERAXK4U02v0z3Hui299tWCG27JZAaHzUQQxcKeZ3pPurB2zrwxC7t2cXvgqaD4VBXNLXFrhQg0IPYUHyi5XCAiIgIiICIiDmi4ViYDpNlM/YR3tvfQNdKKtgcXa/3KObo2bmtpXIgycVGu9mZoOk+lBHkXKCiBRCpftHYN7u2OSW3u4bZrCGhspNXE91F27p6Zbh2vF7zOwT23bLGDQeeqCFIuaIg4REQERcoOEREBEXKDhERAREQEREBERAREQEREBERAREQEREBERAREQEREBERAREQEREBERAREQEREBERAREQEREBERAREQEREBERAWTYxulvIIm0LnvAAPLmsZfTHOY9r2Etc0ggjmCg9eyWOSk2O2zxRbBemEBtCAPZ71SUHSzfN7I+e8vRDqPF5n7fnBXHgLq4f07Fw6RzpxbOpJXj7JXn+xvd9bjupMdjLm4n0vNQHGg7EFp7Vw2/Nny65rhuUxVD4sYeHkAfOK0u77dnUYyf07iWxXVs4sllcdDiR2aaKQdKrHdeGyd3jtxukLHtBYHu1DlxX3jdt7ksOo09/Ax0eIlcXO0kBpJPcgqg9Jt4N9u3Yz+Z4CDpNu36uEf8AzGqy+umVyeO/D2465kg8TgRGaVNVibM2FujK2TMtnszcW1s4a2s1kGnNBAB0l3aRXRD/APytXyek+7h/ooad/itVwZPGYDHY/wB9lyd6+15OuGSVA/Ysfbm0rLPS/iGN3HcXVkOcIk9Yefggqj/dRuvT7ENe7xGq/dnY2+h2aMPkGi0uGscwPYeHKgNRRRHcGV27t2/djrl9/JIzm9ruB/YmQ6u4NmElsIIbhshYWxzScwaUHGiDu2ViN37e3FPaZCdt/hZyW1e8P5nnQ17FGeo/Ta6u8pNkcFaNt7cgvmDnUBoK1FVGNg7jztxvDHwSX8skEkw1RucS0g+RWn1wyF9Y4G1fZzvhLzR+g0qCRzQebponwyvhf7UZLT8C3+A2XmtyQvuMW1jmR8Ha3hv71HnvdI9z3mrnGrie1Z9jlcxj43Nx1zLBET6/hEgV8tEEsHSPeL6aIY3/AMrwf3L5PSXdzTR0UbT3OeAVv+kO49zXW6YbWS5muLV/+LrJIAVm9QNsZnO5KxGGvpLVzj/rAY6g06hU8PIgpRvSXd7zpZFG49zXgoeke8W+3BGw9gc8CqvHbe3rbA5kQHOS3l61oMlrI/V8NFFes+WyeOzOFZZXL4WykeI1hpX1kFcHpFvIAF1uwDvLhRfP+6fdnZHFx/5wK9963t5bdOpLuCZzLjwIj4gNDU81UfT/AAG8t5uM7srPb4+N2l8pcak9wQY+K2N1AxF1FdWk7WOiIIb43qkDspWiuubFs3htoWW44IxellHOYQ4h1PaqFpxsvHRGW1fm7uW4gaHS6ZKkAjnyWbsTH2NteXMtll5MgKFroZXFzmIKJ3T00ze2xPdSBjrGN3qP1DUQeXqqE0/arW625PIN3HJZC4eLUtafAB9Xl3Kqf7EE4wuw95XFpBkMZII4pPWZSXRyPaKq9NnR5e9wr8Lu6OKQgaGuDw4uHJV/0w2bnM7YDJ3+Tntsc3/ChY4ioHP9ykkU+3rfdNnj8Zlp57yKXTLA99WmgPBBCN3dHMrb5OSXCBjrOUlzQ9wbSvnUfHSfdZ5Mhr/0jVf++bO1ube3lyGWdi7WKhc5jtJctJa7Vw24rB78Dnrh72D22ydo7+CCk8j003LjLOS+umxCGIFziHgmgUOp3cuSlu8HbpwmQuMLk7+aWKp0hziWuaokCaU7EErxHTzcWasm39myPwX+yXPAKzx0l3a40bHET3CQVUk6WbSz25IfeJsjNaYqEgMjjcRXt4KYZMYTEZy1xltlbn8Qa9tY5H+q4V8yCrT0i3i0VdAxo73PACf7ot5niLZhb/EHAhXN1kyF7YbWZNZzuhkqKvYaHks/ZV7dz9PW3U0z3zmGQ+I41NQ0oKIPSXdo/wBHDXu8QLj/AHTbt7WQj/5jVn7ctN67xz1xZWGRnjgjkJlm1HS0VorGvsJt/Z8DBuHcdw+5PExiSpJ9CCqx0j3keItmU/iDhRaPcG0MxtoMdk2saH+zpcHfuV53XVrajMJNj7G5k8ZrNMUjj6xPnXn3J5jIZSVzr26knaHEsD3VoKoNeiIgIiICIiAiIgIiICIiAiIgIiICIiAiIgIiICIiAiIgIiICIiAiIgIiICIiAiIgIiICIiAiIgIiICIiAuRzC4XI7EHq7b5p0zJH/Zn/AOaVp+kFpb2m18hk4GB10ZHkupU1oDRa7C9Rdp2+x/wia8Au/Aczw+PtFpHcoBsTqZNs6e4tpYzcY+d5cWCnb50FhdKc9lc5uXLuyMplELy1jXD2RxXXbbmykvVWTEtuXGyBp4XZWpWq/wB7218TFd3G38W6C9ugdbzppUjnwAUK2Vui2g3r+PZuXQ2Rxe957K+lBZPWkMOZwPjf4PjM115e0p7uXxv6HnGMB1+7t8MN8w5Km+sm8MFuX3I4W4EroeLiK8D6AvvaXWqXE45mMzVs67jjbpY8U5DhQ6kEs6bia56eZWLMMLo2sfoEo4+y7vVV7U3HuLbF3f3uBjdNZRPPjRiukN1cO9SLdfWEZPGPxGCshYwTCkrgGg0PD5NFr+m2/MNtuG4xuasxPb3ZPiS0HIntqCUGbN1su7h/iXGJglf2udxP7lbO1hhN97a98u8ZHGJmua4BtKEDmCq7djOjN7c/iQvzEwnW+31ECvdTStxk+r21cBinYvasRko0sjc2mkVFKngEECwWLiw3VSHHQGsMN1pj8ysbr3T+nrP+b+0Kndr5+Nm87bO5eTS3xxLM89isHq9vfbu5MNa2mHuBNKw1eBXhxHeEFKKf9Ndy7ew001huG1E9vduAD3CujsVfrngg9etxVtjsQ7IbMtYfGlZ4kRr7QIqOPFV5sPqDkJ96XNpu2X3eZ2pkbH8A00ADeNOa0vSzqm3ChmEzshNmTSGcn2K9h58FON37E2tvOdmbx2Tis7s0cZmmgPloO1BsbPaN7Bv6TcrLlktlKwANDqngSeXwqF9dDXN4Lzj/ADlh4TO2eyt3ixyObkvLCKNuuRz3OZq41pVYHVnd2C3FlMTPirgSx2xHikV4DVXuQWhvyn+7F/8A0EP9i7OkngDZNibalS0eJT+PjzUS3Z1C2tktjOw9pdB92YY2aOPNvPsVc7B6l3+zC62ew3Fg81MXaD5KoLD6fPzH+8jMR3rXmJ5IdqB06Ku081vdoR28HUPPRWw0sAeSxp4V4KLZDrrjmwyyYnFeDfzN0m4OjupxpxWn6W75xuLzORym47kMku6nUa8SaedBgdbf/Nr/AOVv7lWvcpx1Tz2N3DuJ19jJBJAWgVHkCg1UHrLYbmS9PYPdCNQt5ANPeQVR+ymXEfUuNs7SZhcu1158zxXZ0+6pXWzonWFzEbmwefY4Vb5qqd2PVPp/+KNvhjRb3Mh9e5cG1Hl4Nqgdf3O/DbAVIFRUBa7/AIf23Imv5Dq92AAHcTVdPVLfO2863HOx0rboQPDpo+dQDUjiF8jrNiMPjPctt4gW0zm0fJRlNRHE8KINV10uLeXc8UcVC+NhElOw17VVazspk7vMXst/evL55TqcSsMBB6l6UkHYUZs6eMxnZz1UKjuPNhvjLhl60Wufxk7qV4F7A7hz8gVdbA6lXezC63kYbiykPrRilR2cKqfWvVjY5yTMk3GOgvJDR89W8PPQIN11u/8AKTa8w8A/AFtNi/8A60Z/0Ev+aVCuqu+9sbg242zxl2JbnVqLBXu8yzNpdQ9rY/YzcTdXYZeCJ7fD48yCO5Bm9DnW3u+Yawj3gzv1d9KNVYdSbHIT75db3xcI7h7GROd7NDwNFqdu70yG1c1NkMadUEjyZIzyc2qs6bqnsbcEcU2fxzveoqOa8aQQ4d3AoJHadItpt280PgDrl0Ot05J5086845azZYZC5tI3amxPLWnyL1Fh914fdu37uPG3HuccMZbqkdxa0DyUXmLOw29vlLmO2uPemB5rNx4mvlQaxERAREQEREBERAREQEREBERAREQEREBERAREQEREBERAREQZFnZ3F/cx2lswvmlIaxo48SrlwPQOe5tI7jMXhglkAPhM0mle+q0fQ/Fw3+6HTysD/d2Fza8QDT/1K+t55e5wu273J2w+njB0EioCCrMh/wAP0YhccdkHPmHstkDWglU7uDb2S23kH4/JRFkjT6rqGjh3gr0p0q3PlN0YGW6ydDKx5DZGinaVHuvWKt58JaZUtpcRP06u0igHFB52RcnmuEBEW1w23MxuCQxYq1dOW+0RyHwoNUikuT2FunExGa8x72xt4lw409CjZBaSCKEcwUHCItzgds5nccj4sTb+O5ntAECnpQaZFIc1svcmBi8bJWL4ov4+Y/Yo/Q0rTh3oOEREBERARcog4XK4RByi3+J2VuXNRePj7F8kfY7kP2rGy+2c5gnUydm+AfxEVHpCDU1REQEXCIOaoFlY/G3uUnFrYwummdya1b+fp1u+3hM78a/QBU0pVBF1wvuWGWCR0UzDHI3g5rhQhfCB5EREBcIiAF3tubhrdLZngdwcfjXQs/EYbKZ6+jxuItZLu7lNGxRivwuPIAd5QYTnFxq4lx7yalfKtD/d5tHazQ7qBuIMvaAuw+KAmmb/AHZJDUD0L5G4ejNmSy32rfXjeXi3F0Wk+WgcUFZVSqs0XPRLM1ikssnt+V/K4jkFxGD5WuL+HwLCzXSu+isH5zaV/DuXDsGp8lp/1iIc/pYOLuHk9CCvyi3GH2xnc7qGMs3zaeDjSgFPOu3K7N3JhovHyFhJHF/HzH7EGiRFwg5RFnYnEX+avGWOOi8Wd/JvAfvQYKKV5Tp7uvE2xubvHu8JvFz20P7lFSCDQihHAgoOEqhRBzVcV7kogBJAAqTyCB50UlsNibqyUAubTHPdCRVrjQV9K1WUwuUw8vhZK2fA7+8OHpQa9FwiDIhu7i3a9kEzo2vFHtaSAQuipXCICIiAiIgIiICIiAiIgIiICIiAiIgIiICIiAiIgIiICIiAiIgke0t4ZPZ91Jd4wAvkFHau5SXJ9Vd0bqtDgHxspduDKNqTxVcivPsVwdFNlnIXztx38dbW3P0IcObu9Bb+xsC3be3LTGsbSaQB8vnPH+1Vz1/zTGwWWEicC6uuRo7OCt3MZS1wmNuMvdODI4GEsB7SBwC8hbp3Bc7lzNzlLhxIe4iJpPJteCDSrZ2G3c3k4DcWFjLcQjgXxtqFq1Z3Td+6b60msMJkIbSOM10yhpLiT2aiEEPGy91chirj5hXoDo3ZTY7bNxZ3Nk60vjqq+RtCT2Hitcdv9TY2iSXMW0bDye5jGj9rlt+nF/nZ8pfY3N3MV2+CmmSIAN7f4SUGkxmX31jd3TYnOWj8hh7uQta/RVjWE99FGOqfT2GHItvdt2sj3TUdNbxtq0EjsW931vPPYrftpiLOZrbVz2hzS0EmppzU26i5e8wu0RlbHQy70MOstB50qg80HZu6AeGLuPmFbHE43f8AgnmTF2l1bud7RazmsodVt4uLQLiOp4V8MKysXYdSsxaQ3dtlrU+KNXhhjCR5/WQbzZGXyO6cTNhd442RsgbTxZGUDh51oep+zcRZ7eht8BiS+7Dq64WkkCvGq22Mxu/rXLwMyWWtjFq+kiDWNcR5PWqtv1UzV9t/bXveNLWTPLWOc5odwPAoPKs0UkMjopWlkjOD2HmCFmY7C5XLBxx1pJc6Pa8MVose5uZr24kupyDLKS55HCpKlGwr3dDciMbtsgSTkeIXNqAOVeKDWf0buj/Zdx8wrj+j9z/7LuPmFegbvE7ixdkJsrn4IbggFsZjAqe72lL8WLi428HvdGbp0ZDZ9I01/iQeUP6P3Qf/AMXcfMKf0duc0H4XPX+Qr0TDt/cV22UQZ+3fcVJbGxjTTycHKtd07p6h7LyQtshJG+PnHJ4Yo4BBEYumu8ZovEbjZAPK01Wmu8FlsPdxRZKzkhcXgBrmkauPYplB1A6jXsovoTIYGuFdMZ0UqrX3dA7PbBiykkAfk44xKwtZV2unk4oN3ax30mxI24Bnut6Ig6MEAGoCjGzL3NblivNvb6xzpGsBDbl7KV7OBUi6c32Uu9pMuMuCy6jjeGtLdPBtacFCNl7xzmT39eYm7labRjy1rQ0VoHd6Ctt47Iu8Tlbr8Ktppsewlwl08GjnzUMofRzXoTrZn8jhGw2WPLGQXLSJRoFSvPhNak9pqUG5w+1M9nmGTF2b52DgXtBICzb7p/u3HRGa5xsojHEuDSaLt2/vXcuIsvwnBEt8Q+sWM1OPoVu9J9w7myt/d4vc7S+IRh0YmZT2q96CN9BI2Myt349sXPFdMpbwbwHDipdvTKb8we5IrrHxOvMTIQHwMbqFO2vBa6xZk8B1LlsMZAWYq6k1SkMOn5I4Gi2vWXdGV25BaPxT2s8R5DtQ1ckGq6l7NsM7iYc5j7R8GUe0F0DG8z5QqHvsdfY2UQX8D7eXnoeKGi9X4LK3V3sRmYn0uu/dy8OLRSvmXl/cudv89kZbnIODpGOc1paKCgNEGttLO6vphBaROmld7LGCpK2n9H7nP/4u4+YVg4rK3eHvI76ycGzRmrSRUKa2HVXeUdzFO/TLA1w8Roi4FtePFBGP6P3P/suf5hXH9IbmrT8Ln+YV6Vzt/e5PZLdwYUsgufCbNTSDWvYs/G380+ynZKVrDeNge4v0j2mhB5lx2wd25K9gsYMZMJJ3hge9tGtrzc4nkB2qxdwXknT7GP2ZsKB78g9oGd3Cxv0j5KetDA75LW+Tl5+K3mzdy7on2pndxyva+6dN+G4ZukNAkIrJKe/SHCiic+N3Q1hIyMT7oguMZaKk9vMoK4fhM3I90klrM97iS57gSSTzJJXz+BZf/scnzVcHSmyy2f3RLabjiD7K1ie50dNIdIDpbUjmFaWY6ewNElxhaNJ9b3WTi0eSNx4jzFB5N/Asx/2OX5q223rjeO1cjHk8Kye3nYRqaASyRv8ABIzk5pW1zWY3XY564w7oDBcMeWthfHQ0rwPlHlW3gx+73xCW6u4bevIOa340F4bSylnuLbk2QxlkzG5SQOdfWgaG6ZyOMjfI48VB9tZXeBz9ztzdli+8x0zi1s5ZVoB4c18dPrzKYW/ZLfzsnZI7w5DHQAscacaV5L43PurcOK6pQ4GOVosJpI3MBaCTHIA4cf2IIV1J6fe4ZZ8u27WWW3fV0jGtqGKspInxSOikBa9ho5p5gheourWavcBtxt1jtDJZaNe4tB4HgV5fuJ5LmeS4lNZJCXOI7ygy8fhcrlWvdjrSS4DPbMba0W3x+C3rirgXNhY3MEw5SNZxWPt/d+Y2zHLHi3tYJiC8ubq5K7OkG9cruea6scsxkgiGpkwYBzNKIOOnO5d0zF2F3bj5preQUZPIzh5io31O6WTwXLsvtyEyxSmstswVIJ7QFsd95nfGD3L7tjPprGQgt0RVoO3iFZGTyV7abJ/E20F6y3a92ofKI41BQeSb2wvMfN4F9A6CXtY8UKWVndZC4Za2cZlneaMjaKkrJzOZvs7evvsg4OncTUgUHoTCZi5wWQjyNmB48ddFRXiRRBvv92e8zH4n4bJSlaUNVrLLEX+Mz1nbZKzkY/xW1ic01Ir2KaYnfnUWa/t72TxH2r3tDx4ZDNJKsfqhbSy4CwzlhbA5OMMe17GajU0rWgQSLdDc5/SUT9sD3e7jjDmxgAOoByoo3t5s++dvXOP3pjXRXluCI7l7NJJ48R6FKMTkcjJscZK79S+FvqNRShHkUJ6SbtzO4c1f2uTkbJFE5waA0DvQU3uDaGSxF5c+HbSmwicdNw5vDSPKo5QlXP1s3JkrXKfgUBYyxljq9oaKniRzVMg0+Dig2sG19w3UTZ7bHTyxO4te1hIK7f6P3P8A7LuPmFbnD793nBbx4/F0kji4Na2LUf2K5uk+czmahvRuCMeLD7AdHpPLyoPP/wDSG5/9l3HzCuf6P3P/ALLuPmFX3tTN7ivd93+Ov4f+7GGkRMdBTUflUWr6w7uzW2srbWuHcyOOQGoLA4k1QUz/AEbuj/Zdx8wrj+jt0Dni7j5hVubbj6rbhtxemaGztiKtkkY3iO+hIUs27i93QZVr8hlLa9tR/iRsDAf2OKDzs7aW5GNc92NnDWipJYeC0z2OjcWPGlzeBaexelOsu4L/AAWNhbjtEYnq1/qitF5tlkfNI6WQ1c81cfKgzrLA5jJRmWwspbhg5ujbULJ/pDc/+y7j5hWRg97Z7b1ubbGyMZE7idTQ5Wh0q6gZzOZ/8MyoZPC9tQQwChqgqgbP3OeWKuPmFDs/c454q4+YV6D6gQbuhy9rDtiRmm4NHsLAdPECq2W18PunH5AP3BkILuEtFYGMaHNPwEoPNP8ASG5v9l3HzCuf6P3P/suf5hV4dVd05bb25cXY40sjt7l7RI0tBJBc0c/hUq33lbrEbJ/E7JrG3PhB2stB4oPMv9H7n/2XP8wp/R+5/wDZc/zCp/tHMdSt3z6cdIwQsP0k7oxpHp5qw/6Y3fHHquM/A2QCrmCEGnnoUHn7+jt0f7LuPmFP6O3R/su4+YV6b2Vj85bzT/jF9DkYHmkTog0FvDtoSoZuTdeasupNlhLZ7G2by3VHpBrUIKWOz9ztBccZOA0VJ0HktNJHJE90cjS17TRzTzBXqDrFmrzb+DiuMaWxyS0a86RyIXmG4mfczPuJTWSQ6nHylB1IiICIiAiIgIiICIuUG321g7ncWXtsXbNJMjgZCOxoPH9i9gYPC2+CxVviLRoY2FgDyO0gcV5+6GXePss5cz38jIgGUY+QgcaHlVX3/UuAqT+IxV/mHxoKW6y7nyGVuxt/GwS+5wcZnNHBx+BU7PaXNsAZ4nRh3IuFKr2G7K7Re4ufPaOcebnCMk/CVUfXS7w1xbWDcU+Bxa71xCGjs7dKCkgKkBWn0S25b5nPSXV4axWoBEfYTWnFVZWhqFKNjbzu9m5YX0I1wvoJ4u8ILL685jJWlzaYu0c6CxLanRUAkLt/4enufLkC8lxq2hPFb9/ULppuy0Y3N+o4Cpjc0kg/zUWy2XurYBkmtcEWWcMR4yPIaXcfLRBWnUz/APaNl/Oz/OKsfq9w2BX+5H+4KsOpGQsrnqTZ3dvM19u17ayNIIFHKweqmaxN5sRtvbXccsumImNrgTQUqOaDzjJYXkNrHeyQubbymkcpHAlTnpLmMjbbstbaOZxgkBD4yeCm2AuNjb12VabZuZW4+/tWgAu/iA56uFVtNn7E2tse5fmb/MQ3UjAfDoQNI81Sgzuo2Hii3HhczbvdHMZg17W8nCi+ut9Ds2M95jKiG6+odjuLeOKs7GQDH20o8SZ3AEgEdqkfWbM4m+2m2Cyuo5Xgx+q1wJ4fCg84dyufoBbwyX97O6hmZwb30oqY7lJ9kbwudn5Vt7CNcL+E0feEE5663N2c/awvcfAAaWjsqrUxDnf7uQ4Hlakhw5jgofmN5dLt728Mmce+KeMg6WhwIPnAUukzm2GbSntsdex+A23c2GMuGoinLjxQUn02yeRh32IopnlksjxI0ngQCaK2urGJs8r+E2t0Q10kzB52klQvamf6abaMmYke85Ul2qOjnCvk4UUR3j1KvNw7gtslA0x2tk8OgirzANeKC2t/5pmwduWNjh7aL6cNY+o7OHctlfZ24xXTyPNWjGCcQh+k101UVu98dP8Ae+Itbbccjra4tw0uADubadrfMo/1D6jYS7wEW19t1fbRjS+Z1RwHDtQWpsDcF3uXaj8pftayZ0cgozlwBHaqo6c+t1Qvj3SO/wA5TXpRmMTa7JFtc3UcU2iT1HOANTXvKgXT7IWNp1Ivrm4mbHC6R2mQkAe13oNz/wAQf/WrHzH+xUgVcvXfJWOQubF1nOyYAGpYQf3KmjzQegeim3sdDgrncM0TZboVLC4V0gLY7A3fdbo3rkoLuJjI7WrIi2taNLmiqgfSvqVZbZgmw+ZaTZTGokHyfJQKXY/dvTHaV1fZzEzvmvLwEmKjqaiSe3zoNndb4ysXUcbbjbGbMupq46uYWo/4gW/6lYH/AJw/2KC7W3E3MdR2Zy9eIWSSavWIoBUKY9d8pjchZWTbG5ZOWyEuDHA05dyCa7aH/wDl7P8A6Uryzd/9bn/6R/7yvS+AzmJh6bstJLuNs/uxb4ZcK19K8z3RDrqdw5GR1D8JQbDbOLZmc7Y42Q0juJWsefIVenUC8wXT7BW2Mx2Lhllu2aC948gqeB8qoDGX82Kv7fIW5+lt3h7POFd11v3p5vPHWrN0tfBc2wafV1c20/hHbRBMMG8RdL/GmGhrrcEN7ACs7GD/APz6Zw7beYj0FVTvvqnjr3Cx7Z2uwssQ0RumNQdI7KEBWHh87hm9PfdpLyMTe7PboLhWpb50Gvw1u2y6c7egZ/p33Ny897pJHu4+aqpnJ5W9du/W2V1GzNY1teFDSqtfbuWt7nppjZpHimNvrixnd/DreZIq+TQ9qr3cOzb65yrshinse2VwePWAofSguzYJIzUZpTxYHl3lPBWgvPPR6LK2W+vcsldeM73KR/hg1DeLfKV6Ee9kbHSSODGNFXOcaAAdpJQa3LbexGa0OyFqySaOvg3FAJWV/hfz+BebOteNyO3MtZ2PvOuxuYnSwaeDvVdpIeO8VVqbk637cxmSGGxLvfbipZNeD/q8Z7gflnzcFV++8TebwuW5qO7E8rWUdqcKBta0aK0AQdHTeeaXHz+JIXaT6tezipT1AjD+o2zL/wCVc2cQf5THI/j/AMpRLp1Jb20VxYzStE7pBG1tRxdq08FI+omQt4uqe3bJ0gbHi7W3imqeDXuLpTX/ACXNQSDrrw2rAP7zf3hebF6G615jF322IIrS5jmkq2rWOBPPyLzygsLpkNlzzTWW62DVO5rbd7qUBPDt8qu66tMT07wst/tzFm4Dm6y+JtajvPFeUGuc0gtNHAgtI5ghej+ku97bP4c7dyjg66gbob4hHrM9kc0ECd1r3PPfUEELWOeGhp1VArSnNXHuG6fedPpruQASTWzXvA5VIVOb86aZLC5h+VtGNOKdIHl+oDTxqeCs7KZzCu6dm3ZeRum92a3QHCtad1UHl88z51KenmFt89uqysboaoC6r299BVRZ3N3nW121nZtu5m2ysIqYXVLe8ckF/dSNzu2tcYzAYu1jZbzlrXhwpRtdJ5Lbb93Je7Y2naZGwDXSvZH6r/Z407lGcnvHppvJtpkc3O+C7tS12gB3McacFDuqPUXH7lhtsPhAfcbag8R3yqU70Fy2eUnzOwn5C5aGzTW5c4N5fAqy6E/+Ysp/M7/3lMcBnsPF07bbS3kYn92LdGoA17qVUE6J5CxstwZGS7nZCx7naXPIAPtd6DX9deG7I/8Aof8A3iquAqrK6131lf7pjlspmzMbFQubxFdRVaoPSPTvF4/bWxpNwtt2y3rmF2sip5LJ6U7iudyyZTIXrWse1xADOVAO1Qnpz1NxFhhZNt7lBbbOGlkwqeBFOQW2ZvTYeycVfQ7XmdcXV4CaHVwJB/iQb3ae98lmN832ClbGLSBxDXNrq4OIWq6m2EWQ6i4O0mGqKoJHfR7VEOjuYtxvK5v8jM2H3j13PeQBUuJ7VuerW4rS13hisvjp2zi2NX6CDwDg48vMgnfV3K3O3NpshxjjCXDwwWcCAKKn+k2Sv5d2xMfcyPY8Ve0mtTVXDmhieqm0mRWN2xt0WggEgEO4dlQqs2jgJdk74ht8xPG0jhqDm05+dBK+vw/7usqfxH+xef1e/XPJ4+/sLVtncMmLXcQxwPd3KiEFj9NbTZOTbJjdykR3EppBIacyeyquKHbGF6d2MuUweOkv5g3U57GhztPwELyxG98T2yRuLXtNWuHMEL0P0o6lW2UtG4HOzBlzGNEUj+TxyoaoM7p11Ck3fuO6jyLGWzo6i3gNQ7l2grIweJ3Nb9Sr+9yLZXYp4+hkP+GPWPALTbt6U5F2cbntl3DYJZXBz2h4DantrUBfW0tz5uw3ZJgt1ZWKQQsBcQGtaDWlNQPFBp+t4/8AGOD/AOkb/nsU46ntP+7dxHZC3+xV/wBZ8lj77dmFns7hksbHt1uYQQKPb3KadRs3iLrp462t7uOSbwgCwOBPZ5UG16WWtvY7HtX2rQHvY57yOZcCol06zd9mN9ZzF5MGe3Otul/HSAXUUY6Y9VrXbdl+DZwONm3/AApW1Jb5KDipbJ1O6d4R91lcGx0mTuWmrtJHEg+TyoNl06tRj9553GwSl9sx7nMiJ4NoByUN3d6vWGwJ/u/uKzOjW5bW4zuWymWuWQSXTy5peQOYHBandWQsZurNldRzsfbAtrKCKcj2oJl18Ndt238zV5sXoXrllcbebetorO5jmcHNq1jgT+xVHktl3ON25a7ilmb4dz7MJFHfvQRZERAREQEREBERAREQfTXuZ7JI8y58WX+N3pK+EQffiSfxu9JXDnvd7TifOV8ogIiIC+mvc32XEeZfKIPoucTVxJPehe93AuJHlK4XCDlrnMILSQR2hdj7ieQaXyuc3uJK6kQfVSOXDyrkve5tHPJ8hPBfCIC5XCIC+xLKBpDzTuqvhEHPbVFwuyKGWeQRQsdI88mNFSfgCD55rhSO22Luq7YJIcZLpPGpaQsO+2vn8dU3ePmjA5u0Oog1YlkADQ8gDsBXxUg1qa965ILTRwII5g8F8oPp0j3gBzi4DlUr5REBcrhEH01xaagkHvCF7n+04nzlfK5AQfXiSU06zp5UrwXyVmRYnJzM8SKzmez+JsbiP3LFkikieY5WFjxza4UP7UHwi5XCDlfXiPpp1HT3VXwiCx+leUsrl+T2LmZRFj9xxiOCZx4RXjP8F/w8vQoxmP6m2vk7nCX88sFxaPLHNrwI+S9ve1w4grQtc5jg9hLXNILXDgQRyIKtiyzu3+qGLt8HvC4ZjN02jRFjc+4fR3DR7MV15fL8PkQRHZW+7/Z24W5/whkHGN0M0Mji0uY7ueA6hB8iz97dV90b0kdDLL7hi6+pj7dxDaf86/g6Q/s8i1W5Nhbp2rMW5SweYOcd5CPFge3sc2RnDj5VGUHKzIctkYIjDFcvbG4ULQeFFjRQyzvEcEbpJHcAxgLifgCsHb3Sy7dAM7vWcbe2/F675Lg6biYDjogiPrVd3lB9dLMFCLq531nax4Hb4Nw57+AnuR/hQs7zU19ChWezN1n8ze5u7d9PezPmd/d1H1WjyNHBSffe+oc7Db7c25b/AIdtXGmlpajg+Z4/08/eT2D+1QZB9F73CjnEjuJXC4RByFkWd7d4+4bc2czoZmGrXsNCsZEElym+tzZizFjfX0kkApVhPOijut5FNZp3VXwiAiIg5Sgp5UK4QfWt9KajTuqjXOafVcWnvBovlEH09znEFxLj3lcLhEHKLhEH0HOb7JI8yOc51C5xd518ogzbDK5LFv8AEx91Jbv72Gi+LzIXuQuDdXk75p3c5HGpWMu23tri6k8K2idNIfkMBJ/Yg6y57vacT5yuKLNucRlLNmu5s5om/wATmOA/csLsQF9MkfE8SROLHt4hw4EL4XKCQxb23XDAII8rOIwKAauxaW4u7m6ndczzOkmfxdI4+sV0LhB9F7yaucSewlcuke4ULyR3Er4RAREQctc5vskjzL61vLtZcdQ7e1fCIOx0sjvacXca0JWdkM7k8nbw215cOkhtxSKMn1QtaiAiIgIiICIiAiIgIiICIiAiIgIiIOV9tje4Vaxzh3gEr4VgdPc/k4HHD4zER5KaU11vr6o8pDXIIH4Mv1T/AEH4k8Gb6p/oPxL0pcQ7nsLeO6u8LY+GXASR+K3UB5BoqVu9yvxOC2mc/DjIX3DWtJjIAFTz7EHk/wB3n+qf80rn3ef6p/oKs09YpC0f9x21e3j/APCrV6fZPDb3w0t2cZDBdxVGkCo1fCEHlzwJ/q3fNK5FvcH/AET/AJpVxbk6i3O3czcYq4wlsfBcQ11RxFeHyV2YLfOf3HIYsTtmCUDnISQ0fDoIQUz7vcfVP+aVx4M31Tvmlek3W+82RazgbAOpXSZm8/mKQ7VsH5DHyS7hw0FrdMqWtb6wIHl0hB5L8Cc/6J3zSngTAVMbgO+hXorb26LTK70udtzYmBkEJLWvABJpXs0rH6s5+12uz8LssZCW3bCDIRQtrwryQeehSqvPoRt7GXMdzlryJs07HUjDxUAUqqOe7W9zyKaiTQeVX/0Eyj7izuMb4YayI/4g5mgQYG+Ore4sZmJsXh7cQwQnTUsNT5tK1OJ6y5d07YdxWDLq0eaPJjNQD/Mt91A6iDb+fkx7MRBPpAPiP4E/8krSYrqXks5ciyx23baWY/JJpw+Ygke7tnbKzuF/HbGRlhM9utgAoCaVpRoVW7GwWJyW4xY5yQx2Y4a6EB3HzK1nZbf5Y2N22rcxjk3xTT/MUp2daXmTEsm4cNBZOafo/DOokfNag8671xOOxmentMKXTWjaaH0J7PMo6IJvqn+g/Ery3vv6PbeekxFrh4JmspRzvaJP+SVnYC/3fnYhPBtm1ggfxD5XaDTzOYgoDwJ/qn+gp4E/1T/QV63wmNt3MLdw2tlFNWjWxyMd/YFV26+pEGBzc+NtMPbSxQkgPrz4kdjUFM+7z/VP+afiW62nZW9xuGxhyMTvdnSDWCDQ/sU/xfV61mv4Yb7B27beRwY9zTWlTSvsqzd0XMGJw9vncPjIJYnaXOJoCA6nKgPeg43tk59oYW3ucBi4poBpEjdANG04lRe5wO3Ope3HZmzgbj8lE0mSjdI1DyAeRWDf5h0e0HZqSFshEJk8F3FvAcuSjnTHdTd32t5HLYx2scLqaI+RqT5Ag81X1lPZXMttKCTC4tLwCAadqxeatjq1uSEX1xtuDHxQshcT7w0+uezjwVUtcKtqORH7EGRb42/uRqgtpJB3taaL4uLK7tf+sQvir/ECFZGO6u3mJx1tjMTjIfoWAPkIq5xHnaVZuAuLHqTtC7nzGPjiuI2OoWih1AGh5BB5mbDM4VbG4g9oBK593uPqn/NK9A9KprTIT3u37rGxmPHuIZM4VLgDp7QsXqBviDaOddirTD28kbRXU7gez+6grTb3UPe+2oha2N3JNZcjZXbPHhp3BsgOn4FIP960dydeU2RiLmX+NkL4qnvIq9Z2H6t291kre2vcJbiCV4Y5zeJFfJpVob28DA4L8axWLgmDWh8jHUHAivcUFPS9Ys1aRluBwOLwh+TPBbapR/lSkt/5Kgub3Bm9xXPvebvpr2b5JlcSG+RjfZb8AUg3Rv8AO5rFtm7GQ2mk18SM8f3BQ+GQxSMloDoIND20QPAmpXw3UPL1SuRbznlE/wCaV6k6fS4zcm048lc42FskLXt5A18MUry8iryTqayPPnENwtuYxP4Os86fNQU74E4/0TvmlcGKRp9Zjh5wV6l3zfY7bG248za4yGSV4ZVjgAKu+BZ23sViNxYOzzGUxkIlkaJWtZyAp5AEHkwxSgaixwb30NF9eBPQOETqHkaFWzvTqHjHPucFj8JHGyKQBspBDiWnlSnarA6ctuszjY5c3hYLe1ZGBBIfad5SC0IPMvgT/VP+aVz7vcfVP+aV6L6hZm82dI2azwUE+Odzm7j5aNKhVl1Tv8lM22sNuwzTO4Bran9zCgqk2845xP8Amn4lx4E/1Tvmleg23O+JYmzDa9oGniGufQ+jw1PbLHWTsGb+/wAXDDeMYXyQgAgECvOiDx/4E/1TvmlPAn+qd80r0l0+3BZbwyF7ZXeJgjbbOIa5tDy+BaPfe+odqZ12JtMNBKxoBBPM18mlBRPgT/VO+aU8Gb6t3zSr8weX3dnohPabXto4XcWvldor85i2lyzeFuGO/p6xlqQHtbKC4CvHgGIPN/gT/Vu+aU8Cf6p3zSvWuYix2K2q/NPxcIu4ovEfDQcHd3Jazp3kMdvDET5G7xkMT4iQGtAPIkdyDy46ORnttLa8qghfIVidUNxw3+Slw8VjHbttHkNlZzNPJQKv4ZvAmjnADvDcHBp5GiB4E31T+PkKeBP9U/5pXqbY8mNzu1Y8ncY6Fs0TC2gANdI58lXlr1OZNn2Yk4W38J0wiL+2lactKCm/An+qd80ra4HL5Pb16L6yh1SDsewkL0bv3IY/amEiylpjIZZZKeoQBz+BanAXG5s5YjJDC2dtbOGoOke1vDv9ZiDr2VvjHb3gfg9yWTI7h4IY7RQHh2VVb9R+nV1ti8ddWLHS46UktIFdPkKufFvkivGvvDjooh7To549Q9ACwupO+7Xb1lC6xZb5ESOAewvDqVr3akHmXwJ/qn/NKeBN9U/5pVm/74nAf/Y7bzV/+FWb093Dhd8WkwfjYYb+EH1AARy8oQeZvAn+qd80rjwJvq3fNK9Q7WumZTcd9g8nioIxan1HgA6hz/hC1e4NzWeG3rabZixMElvckAvIAIrXyeRB5y8GY/6N3oK+CCDQ8D2hepOpV7jtn4ZmQtMZDK+doaQQBTXw7l5ivbg3d1LdaQzxnF+gchXsQY6IiAiIgIiICIiAiIgIiICIiAiIgIiICIiAiIg5XoPoBjrZmOu8lp/1guoH9oAXnxWt0c31ZbduZcZlH6La4NWSHkD5UHPUPdOan32LKO6litoJQxsTXENPHtCtTqEKdNyXe06OKvw0qo9uHZm1Nx5+HcMOZihBcHSRhzTqNa96kvUk27On88UUjXtYxjWGvMDggrPb3STCbowVnkMdkg26ewG5iJJoe3hRTe2ye2OkOMOOeXSXTwXAk+07n3Kkdg7vutpZuC6DybSQhs8ZPCledF6C3ttyx6h7YbcY8tfchniQSNpzpXSUHm7cuck3Tn5clI3R48ga1vc0n/1r0/tmxttrbJbNYxtbILd0jnAcS4NJ4rzHfbM3FiYZry9tHQRWzqGR1QCQfkq8un/UjBZbb0eFzMzbe5jYYX6zQOB4VqUHx0+3Je71ZmLO+nfHPGXmB7SRpFeC3/TPIZW+t8jaZec3T7SXw45HEklvHvWkZkNh9OrXIXuLu23F3eBxaxpB4k1719dFcmy9x2Uu55GRvmm1UcaGnFBENvOLOslw2P1WmR9QOHesz/iDa3xse+nrFvE+lYOBexvWOdxe0NL3+sTw7e1Zn/EDLG+XHtY9r6N46TXvQUeCrx/4fCfHvR2cf3BUcFeHQAsbPeFz2tHHiTTsCCJ9ZGk7ylDBVxaKAKEWGQyWHufGsZn2s/8AEwlrlb25BhZOqjHZiVvuvDuIrTtX1vDpHcZfJnJ7auIZLW4oS3UBpr5kE46Y5vJbq2jIL64ebkBzBMCdVeIBqvnptNl2ZXM4/K3cl17vM9sRkcXENBAHNZe3rTFdNNq+Ff3TPFYxz3+sKl/EgD4Vo+kuZbnMjmsm8hjZ53ujqaeqSCEGilxFpmusUkN40SRQgPEZ4gkNBC3XWbd2U23a2+Mw7jaslFC9nDSKchRQndW5DtnqjJlIqOjbpEobxq0gVVg5x2z+qGGj/wBfjtroCrC8gOa7uoSgrjZ2yd57ztXZT8Wmt4iaxyPe4lx+BaKbY+WO84dt5SUvmndxuDXi3ia/sXobYtlBgMRHhPforqSL2fDcCSPgVR75zuRw3US2zl5bmO3tyGMB+U0VFf2oNrvnA7E2Lio8Y60dPlJm/Ry+rqB5auI71NJaO6axeLy8KIivwLQboh2Z1EdYZeTLMtHQ6TJE5zQSK1IoStX1E39iIsNbbU2/L4wBjjklHKjSORHmQTrK/wD6zk/+ldRQr/h9P0OTH94f2qaZSSJvTR7DI3ULQ1FeNaKF/wDD+6NsWTL3htXClTTvQV51Z/8AOl9T+I/vUHaCXBo5k0Hwqb9V3NdvO+LSCNR4jzqEtcWuDh2EH0IPRG0Np7e2rsr+pcraMvLp0XjESNDqVHIVUg6bZiyzGFyOStLUW0FSTA0ACgr2BR/am6cDunZf9OZC7Za3LYhEfEIbyHMVX3YZDb3TTad5ZNyTLy5nDhGxjgTV1ackG42BujG5vNZOzsccyzktnuD5WNAL6OpxIUH35iMXm+p5sMvP7tbSRupJWnrUbp/euzoRdePmctdSODXT+vx4e06qjXWx9d6SOifxpwc0+QdoQTrF9FsNh7xmYub03NnB9KxjTzHYeS1vUnqti7zGS4DDMLi/6OWQ8gANNFsuju/I8jZf05mJQbiMaYHPPtN5BvFR3ql0xyDMu7KYK3M0F0avijFS1x8gQU4Dwones/KYi9wtwLW/Z4c5AcY+0A96wEHp3o2K7DcAfrlQ84/8cOB/7YP3qf8AR/qHjsHbSYHMu8KF5JhlPL1jVwKlN7hOlzs5HnPfWOuZZA9sDHAgvPbzQZPWBtdiQMHEuEQb5+C23S+1zOP2pAcxIDCGaoG8atZThVazrLNE3Z8Ulu5rmsdE6NoNeAIK2Gxd97fzu37awmuGW90yIQyRPIbyFOCCvdx7t2dmM7Hi7PEsZK66jEl5pbQlrxXyqyuod/Pg9kmTFkxGNoERj4UHDlRVpmOjN4/KSX2JyUHgPk8Vji8AtJOpWbjzZQ4CHB7wv7e5dQRg6wagIPnMyMyXTR02RGpzrcuLnc9WngVo+jG3cdYbfkzL4WyXMhcWyOFSABUUKyOo2Kz+Rwrcbt4Rx4sM1Pl10GkBY3R7P2UmIn2zczMF3bOcwCvtfJ4IK23v1O3PNuK5jsbyS1t7Z5ZHHG4gcO+hV6bfv7rJ7JZeXjtc8ludbjzPqKgeomws3isxe5Btu59hI4yCYDgAr02hJGen0P0jeFuQRXjXQEEB6F//AHvMHtD3fuXxuDE2+a6uwW10AY2hri08jQVXPQ57W5vMlzw0an8zTsWo39nTgOp0OWjOpkYbrA7RyKCzupu4rnaG3ozi/otTgxrW8A0U7Fqdw3mRuNn47c+NvJba7Bj8UBxDXVIDqgLYZLNbI6g4RkF5fRwjg4tc4BzTTuqod1C3jgrXCWG0tvzCdrJGB8jTUABw7kE+3PPLedNpbyU1lntNcju8lR3oVX+mLz+d3+cVvc8+H/dgWtlaSLMDTXitD0LfG3bN4HPaDrdwJofaKCld/Cm7Mj/0h/eoz2KTb9P/AIryJ5jxHUPwqMoPUPSnjsF3mf8AuCoSxNN6xf8A1Y/zlYnSLqJi8VYvwGbf4UTifClPL1uwqSS4PphDnY8xHeMdcyyB7ImuBGqop2oO3rM7TtK0fTizSR+xa/bfVPa15tmLC5iR9pJHH4biDSvlHArZdaJLWTbNuGPb4bnN5Hk2oUXuOnO29zbfsptvXsTckyMeK0uAqe4oFnhemeUvRbwZu4EsziWjxe0/5Kx+ofScYfFOy2MvJLiCLi9kjtXACtRyXXtfo3l7fKRXmWuYreCB2uodxNFM+qO8sPj9uyYS1uGz3ErTHRpBoCKcUEU6d9O8FLg37k3EDJEwFwj7KN84W66X32Eu97Xj9vWzrayaC0sNKHjzGla7pzvXBXW3ptsZqcWz3hwZI7gPW863O1v6L6aRXuQ/FI7y4l1OjawtJ4jgOBQSnEFh6hXxjpxHH0KuN8f/ALcxX8zf/eW56T7gduPdeWy0xEbZHfRNceyhWk3u9p6t4twcC0ObVwPD5SCU9ej/AOFrXzs/evNZ7F6R68PY7bFs1r2uNWcAa9q83HsQcIiICIiAiIgIiICIiAiIgIiICIiAiIgIiICIiAuVwiDvZdXTKaJnt08RRx4LNuNxZu6t/dLi9lkgpTw3OJHDyLVog5rwopPt/f8AubbbPCsLomHsifVzR5lF1zVBK9xdQtx7mtvdMjM0QVqY2ClfOooCQQRwI7QlVwg+nPe/2nF1O81WZZ5fJ2DCyzupIGniWscQFgogy2ZK/ZdG9ZcPFyecoPrelL3J3+Rc119cPnLfZLyTRYiIOQsywy2SxlfcLl8GrnoJFfQsNKoO+6vbu8m94upXSzfxuJJ9K2NpuvcNjGIrbITMYOTQ8rTogz8hnMtleF/dyTj+F7iQlhmMpi2luPunwB3FwY4iqwEQd11d3N7O64upHSzO9p7jUlfMM80JrFI6M/3SQutEG+wG7Mxt7JMyVtO6R7ObXkuBHwrr3NufJbpyDr/IyEuPBsY9lvmC0y4QchzhyJHmK4DiCHA8QagrhEG0k3Fm5rc2sl9K6AjSYy40p3Lpsczk8aHNsLmSAO9rQ4ivoWCiDuubq4vJnXF1I6WV/Fz3GpK6URB9Ne5hqwlp7waFcvkfIayOc8/3jVfCIMyxyuQxpc6wuX25dwcWEivoXxeX13fzePeTOmlPN7zUrGRB32t1cWc7Lm1kdFKw1a9poQpxbdYN421uIBOx+kUD3ipUARBnZbLXuavX39+/xJ5PacsFFygL6bI9jmva4h7TVrq8QvhEGyus7l76AW13eSSwilI3OJHBYMc0sLg+F5jcPlNNCutEGzZuDNtbobkJw3u1lY02Rv53B81zJI4cQXOJWKiCTw7+3RDjn4sXr3WzxpIcSTTyGq0dpkbywuReWcz4bgGviNNCsREEvyXUfdWVxZxV7ciS3dwcaesR56rSQ7gzkEAtYb+ZkAFBG15DaeZayqVQZtnlMlYPdJZ3UkDn8XljiCfPRdV5fXd/L413K6aXlrean9qx6og+mvczixxae2hovkOIcHV9YGtfKuEQbR+4s1JbG0feym3I0+EXHTTuouuyzeWx0ZisbuSCN3FzWOIBWvRB23FxNdSumuHmSRxq5zuJK6kXNKoC+2yyse17XkPZxa6vELrRBsLrNZa+hEF5dyTRN5Me4kLqtMlf2DtVlcyQH+44j9yxEQbubd25Z2aJclOW8qaytRNPLO8yTPdI883ONSutEHIp8PeuS6vMk+cr5RBm2OVyONJdYXL7cu5mNxbX0LiXKZCe6beTXL33LeLZXOJcPhWGiDYXuby2RjEV9eSzxjk17iRwWvREBERAREQEREBERAREQEREBERAREQEREBERAREQEREBERAREQEREBERAREQEREBERAREQEREBERAREQEREBERAREQEREBERAREQEREBERAREQEREBERAREQEREBERAXIXCIOVwiICIiAiIgIiICIiAiIgIiICIiAiIgIiICIiAiIgIiICIiAiIgIiICIiAiIgIiICIiAiIgIiICIiAiIgIiICIiAiIgIiICIiAiIgIiICIiAiIgIiICIiAiIgIiICIiAiIgIi+mMfI4MjaXvPJrRUn4AiYiZnSOMy+UW7s9sZC4AdNpt2Htfxd80LcW+1LBh0yvfO/sa00qR/dYCVpvucVeHVrPs4urt/QfUc8dUYvLr35J6P/AB+r7EMRWpZ7EubkMNnt+5mD/ZcYXlpHOup4otiOmef5/wBNEtpwHhxg/vWH+Vryx3n3LM/p6a8Mm921J7pv+3RTSK2Lvp7kYHabjb1wwHjVlu4gcP4olHrrauN1aKSW0leRqPhpIOVU/wAukTpatq+ME/pvc2jXb5sGft0pbj92n2oQi393tW8iGq2kbP26PZf6OIPpWkmhmt3mOZjo3jm1woVupkpeNa2ifv8Ag5W52O62s6bjDbH3TMa1nwtHB1oiLNVEREBERAREQEREBERAREQEREBERAREQEREBERAREQEREBERAREQEREBERAREQEREBERAREQEREBERAREQEREBERAREQEREBERAREQEREBERAREQEREBERAREQEREBEUowe32hovsi3hwMUJ8vJz/iWGTJXHXqtPhHeubHYZ97mjDhj22tP00jvlgYrb9zkKSy1ht+eqnrOH90H96sTauyMhlXCHA2J8MECW8k4RinPVKRx/lHoU/2Z0xN6yPLbkYYbOmuDHmrHvb/FOeBa3+7z76Lcbh6mYnAxnE7Xt47mSD6PxGANtYqdjNFNZHk4eVVLza8dea3RTsrHOXotvGHa3na+k4I3e5jhk3F/7eOfHl8PjLjF9J8Hjo/fNy3nvRb6z26vAt2073E6j6Qso726c7ZBt8TEyR7OywhDq9nGV2kH5xVWy3O5t53ul5uMrPWvhMB8KMdnqNpGweVSCPpff2tqb/cmStcNZggSV+lcNXABxBa2vdxKxrknj5GLSI/NPP4y3Ztlj1j/APY9Rve9uWDFPTXwrjrEzP8ALDe3PWfl7nhzw9ozTAeb/Da5Yv8AvmyTiNGKgpXi0yvrQf5K6sBtTp3lsl+F22WvMhd6HSVYPAiIbTUG/Rjv7Cpg3pTs5rdPu858pnkrT4Csqxur8YyV+z8IV80/p/bW8vLs80W01jqres6T26XvWfsRq360SawLzDgNoamKcVr5A9gW4j6i7GzjRb5q2MJcA1wvYGyRjya2a/TwUNkg6USSzQGTJ2Ukbnx6/wDEZVpLdY4S8OHavlmxsLlT/wCGN0W11IQaWl23wpDXs/i/5CxjLn5dVMns1j7uDdk2HpH1Th3Oy7r9OSIj/l89YTG86abRz0Hvm3bkWuseq+2eJ4CacnMLjT4HBVjunp9lsK0/i1o25sBWl7CDJGKnm7gHx/8ApxXfd4Xd2yrn3x0VxYgf/wBy3drh/wAp0fq8e54U22z1YZK2Oy3VG0MkGgZCNvqOrw+ni40HeW8PIo1xWtpas4b9kxwjXwben1DBjm+DLT1Xa2jS1LTFsmndFuPV9vg88ZXbEtu0z2BM0Q4uj5ub2+r/ABBR/kvVm7OmlrkITmdolge8eKbJjgYJQeOq3cODXHu9k+RUPntueO974IzDfxktmgeC0ucDxa4GlHhb6Zr47RTNxieV/wBrlbj0zbbzDbd+l6xanHLtp+uvf0/s+HchSLlzXMcWuBa5poQeBBC4Vp57lwkRERAiIgIiICIiAiIgIiICIiAiIgIiICIiAiIgIiICIiAiIgIiICIiAiIgIiICIiAiIgIiICIiAiIgIiICIiAiIgIiICIiAiIgIiICIiAiIgIiICIiAiIgIizcXYuyF7HbioYTqkcOxo5/EomYrEzPKGzFivlyUxY46rXmK1j2y2+2sO2ZwyF2ysLCfCYeRI+UfIF6C6d7Fjggj3PuFjWNa3xrK2kADWMpq94m1cK04tB5c1HOmu0Y89kveLiOmJxhbrjp6kkntRw8ebRTU7/1rddUt4uuJ37XxkhFvF/9xfH/AKR/ZACPkt+X5eHYqXVEzO4yxwjhSs+x63yLY+j0TYW6b2r17vPHOtZ5x79eXh7WBvrqHPm3yYzEvMGGBIlnFWvuQO/tbGewcz29y68JsS2hsWZ7ecxsMZw93sm1FxOT7LdLfWGvsa0aj5F37J2/jsdjH743K0e4WtXY+2Ir4kgNBJpPtHV6rB8PcpZseaLdt9cbqy8rJb+GR0OOx2oFtnEKHW1h5vfX26LGlZyWi2SdbX41ieEdMdsx90M9xuKbPb5MGxi2PDt56c2Wv9y+Wf8A66W/e/fvP09nY2+Ky9jg8Q65yNhHt3G6g3H2ryDcyNp8uGME+If4QXO71038me3dYz2Fti47DF3TCx9zla+M5p+XFaxHU0jm0vcPMvvNZWxkzENphLKDK7miYWRyP4xWcZPrSTyCuj+VvrHksdt/lNlWV5ld45V2SFzLptba2goxjuNA11Bp1DscaDvJViZ/LM/JHCZjSI98/hDh0xzM1z0xxG4yTFsdLze15nXhbHTjPt6sltJ7IRu1w20en+4LD37IX02WJBh0RhkJbNWEl/Cmnjx9ZWlfz+62Nzc/UxSSfMaXf2KlnZu26kbtx9nmh+HY5okZaRxOHiPe71msfKRwL9PYPIOJqrK3Ll4cWxtjk7C4lwt1G22u8kyRoZGJiYNLxqEnaKkd6xw2rFcnTERSJ4c+fbqseqbbNbNs67ib5NzenVlrM1mOnq+WuOY6Ymefyx2qn6bYFmf3C2S7iEtlZN96uQ8amvkdwjjdXn63rEdulW9uOy2lZ4qa8z1jbe5wt41ibrJ+SyLSA7UeyhURy0J6WPjyOAZ7zi8lIIruwndUtkY0uY+KbiRVtRR1V8XsmA6qG0jhys2MvbU+tjZg1zXVPrPjbUBz6cnAnh2LDHpjpOLSJyd08p7tO9Z3lsm93OLf9eTHsYiI8zHrN8fT9XVWvGszbh1cuSZbb3NgNzWhixb/APBYGy2UzdMjGU0gOYagjsqCQoZuTY+3szkLu22zcRWmctBruMY4FkMgeNVWNIGnzsq3vop7hNv4jbNl7rjYRDGBqmneaySEc3yvPP8AcFAepe4dvSRW8uKvWu3HYTNda3FodRjbX6RskjfV0kfJrz+FbM0R5Ueb0zMc9OH8vtUvTrWn1G0enTnpS86VmfniPbmrEaTT7Y5ortbd2X2PfyYzIRSGyY+l3jpPbid2vgr6acnftU33ltKx3jjWbm205r790YkaWcBcxgew7ukHIV/lPk0078b1J28b6Z0NjufFtAlL3NiZM3iQ0ucR6j6cP4HeTnpenm8pNu5AY6+eRiLuTTIHcoJXEASjub2P9K0VmI0xXnqx341t21/Zo7ObFlyWvv8AaU8jfbWdM+KONMsc/wDlFo4xPb4qq3LhhK117AwtuI6i4jIo52nnVv8AE3tUPXp3qptRlpN/U+PYBBcuEeQY32WyO9mfh2P5O8vnXnjP40WF6XRD6CarmUrQH5TfgW7Ba1LTgvzjjWe+HK9W2+Lc4KerbSulck6Z6fuZO/48/dPa1KIitPPiIiAiIgIiICIiAiIgIiICIiAiIgIiICIiAiIgIiICIiAiIgIiICIiAiIgIiICIiAiIgIiICIiAiIgIiICIiAiIgIiICIiAiIgIiICIiAiIgIiICIiApptXHubaNla0uuLx4bE0cyK6GtH8xKh0MbppY4W+1I4NHnJor56YYVl9uayjczVbY2I3J7iY6Mir3euQfgVbczM9GKPzz9jv/p+lMc7n1DJGtdrjma+29on/t71k3kkXTjYjYYNJv8ASI2H6y7mFXSHvDeJ8wVFuc6WviHxZHanveTV1XcTqPeSrB6uZd13n4MSx1I8dFrcK85phq5eRgCr51RTSQaH1SOzz/vVTc21v0V+mkdMR4c3o/Qtvam2/wAnLxzbu05b2nnpP0R4acfe22V3Nmcxj7PH5G4DrW0oIYWRtjAo3Q3UGcHaRwC1LS9rg9rjGQPaFQaHhpJbTglCKcRxrQ8qnvK5ABPEU7D5/ItNrTM6zMz7XVx48eOvRjpWldZnSsREfNz4N7tvd2X2wZfwsxGKd4dPHJGHNeQKAl4o8elfW6d55TdUsQvPoLWMBrbOEnwi/wCsNeL3Hs7loYYpZpm29u0vlko1rR++v9qnGHw1niWCV+ma75vuHAUb5I6+yPLzWvNu/Lp0TM8eVf8ArsUs+LaYs3+V5NbZ9OFtPm8Zn8UYs9uZq7DJIrUxMoC2WZwjdw5FtfWr5aLbXmE3ne2/g3mQN3EKEQS3L3s9XlweKcOxSZl5HKC+ORsgrQuaQ4VHZUL6948qpTvsmvCIj2ftV7brNa0W6acONda66eEyh2dv92SY6LGZ50ktlbPEsMjmtdRwboDfFZzFD8pR5jnNkaWu06aEPaaUPY4O71aDryHV4L5Ganj/AAnEVcP5TzUXz234qPv8azS8cZrUciO10Y7PKFux7yLzFcvCeyez2N+03FKx5U4644mZ+iOmvVbnrDTXWazN9C23yGRurmBvBscsz5GcuWmvGvlWAK0FRQD1gOdAPMuatcPVBLaU/wDYjXU0Vdwr2DirUz2zx8e5frStY0pWKxz0rGn2Q4I1VLuJpyPaTy5rkkPFXAEngezj3VT1Q2vIcKkd3ILg1AcwtFaerTtPkTuZLs6f5WDdu1rnb2VImmtWe6zVNXPt3ikUnHtbSlfJVUbu/BS234hiblv+tWEjtD+/w+R/y2Go86mHTzLHDbpsnFx93vT7lMOwiT/DJ/lkAW+6vYkW2Zs8vE0AX0RhmPYZIaaa+dp/YrXVNsVcmvzYpiJn2PORgph9R3GwtH9D1DFa9Y7K5I16tO7tn4PM6LMylv7rf3EAFGteS3+V3rD9hWGuhExMRMdsavGZcdsWS+K31UtNZ8azpIiIpaxERAREQEREBERAREQEREBERAREQEREBERAREQEREBERAREQEREBERAREQEREBERAREQEREBERAREQEREBERAREQEREBERAREQEREBERAREQEREGywMXi5W37mEvJ/lBK9MdF7Jgiy+RoNTpIrdh7aMaXu9OoLzhtZurJnlwidSvnAXqHpTGyLaF1cAAPkuJy8j+41rR+wKtbSd1WP3a6vQ4fk/T2bTnn3EVnwjpn/1VLuO9dkc7k7x1PprqUtJ9YANcWNGru0tC17aeqRXiDU0/wDT4V8MBoa8iTw7COPcvqgDuB5UPHh6e9c6Zm0zM+L29KRjx1x15UrER4RGj5AOloHZy/eOa+iBoJHZQkk8D28U4VoTq5kmnLj2Lh7tYIHlHHyCqjtZT/qlO1rIeE/JytAklrHFwpRjfaI854LOdYSZD6bKuLIRxZYsdpY1o7Znj2nd/YFk4qMR4yzY3kImEfCNX9q7L+09+sbmyLzH7zE+LxBzbrGmq5l56s0zM6RNtNec1q4m4tN5vbTqmNdK66ROnKGBislt+eR9lh54XPbV74oqjVTgXjUPX84W1ooRt3Z+Ux+Xhvr50TIrTUWeE/UZCWlgoKDS3jxqphdZCxsS1t5O2FzxVjXVJI5Vo0Hgtm82+CmWK7bJOas1iZnn83drHNV9PybnNi/r4fLv1TEVrE8ax29PGWsylztkXbbXKTQsvHhoBJIe0H2NT28G+TUs21hvLOVtuXm5tHA+HK8jxIiOTHn5bT2HmoDnMRFfZe4ubPIW7ra9eZHySF4dEXABwLdB1AU4UU7tsniIbeG3bfMeIY2Rh76gnQ0Nqajtos9zt8NMWGcOSclr11vWY+ifZ3G1rv8AJmzRm2l8VaW0paK2+aPxRnPWTbHIkRtpFcDxY28qEmj2t/yuK1rah3A6ncQ4jkPIpLuwxy2dncwua8eI5rZGmoILa8x5lGhVxAdyNOHKtO4qxgtNsVZnnEaTPg722tM4415xrE6+x8t40HMg9/IjsAX0K6qOrpd8o+X9y4aTQlpqRSneADw5pxqXU4cieHZ5Fsntn3N/e5a+SBwlhqwxESMIqDVp1CnoV09TGNymx7XKgAPifb3OocaNmGhwaf8ALCpSpHqtJ5c+zzq7L5jLjpC3WK6cdC8V/ijLSP2hWNvxrmr2TTX3w4frPybn03P213EU/wCOTTX7nmHdcPh5BknZJGOX90kLQqT7wB1WbiOYfQnt9lRhXtvMzhpr3afB5T1ykU9T3MR22i389Yt+IiItrmCIiAiIgIiICIiAiIgIiICIiAiIgIiICIiAiIgIiICIiAiIgIiICIiAiIgIiICIiAiIgIiICIiAiIgIiICIiAiIgIiICIiAiIgIiICIiAiIgIiIN3tVwGUoeOqNw/aF6g6Tyxz7RurdntR3M7XN/na1w/YV5XwExhy1s6tNTiziaD1gQvS3Rm9GjLY0mhDormNnbRwMbzXztCq2nTdV/ipMPQYf6n6ezRHPBuIt7p6Y/wDZU9CNTacQ6laUAoSOxCdQFT3U48a91VtNyWD8buHJ2ZrSC5kLeGn1XnWx1PM7gtXQ1LQ4Egcf/YufMaax7eL2+PJXJSmSs8L1i0eFo1cNoAG0qCKkcafCuXlzmadI1VpUeXzJwoKnmQGn/wBnYuCQAacOHAnmnPRnPFPsJKJsTaPrUiMMfT+Jnqn9yz+Ch+28kLWV+PlcPCldqhd2CSnFpPL1lKfHXOy1it57p4x4S5OXFat7R7dY8Jd9K8AozuLb1zkrsXlnNGX6GsfBK7SfV4AsPLj3FZOax1xlxHGzJTWVu0ESwwAAyE8i59QeHdyWl/oLFHi68uS/+I6K/wCat2Cm3iItfcdFp/LGOb6eM8PsU7Z9/iyzO323VEcOq161ifCOLUz4TMWppNZSDuLaOB82klYhiumGjoZWnyscP7FNcJg24V89L6a7hmaGtgm9lhBrqHE8fNRbdsrLYumMmhjWnUSeQ7aqMmWK36aTGWvDS0RNJ/lnV09v6hubY4tlxRjvx+Xq6vthA6XUGOjiuA9jJ5TNExw46WN0F9DyB1UXU2nCtKnmDwHDzrLyd8cnfS3T6lv+HE3t0t5enmsV2oggkBvJxrwr3cVZpGldOUzxmFzHNpjqvGlrcZ0cgc6guryFaBA0E0NCRxFeB9PcuS7QfU4ih4gdy4A9T1qVPH/08iy14exl7e98n2XVrQioJ83DkrsyMjLbpEzxajXj4IwDWuqQsaP2lUs2J0z4reMHXI8RhreJJedIoPOVdPVCUY7Zlti2vBfNJBAAeGpsLdbj6WBWMHCmW3Z0ae+XE9Z+fdem4I523HXP+3Hpq81bwcDJatHYJOFa/wAI/sUYW+3XMH38cQ4CKIAjyuJcVoVe28aYaeH3vKeuXi/qe5mOy0V/krFfwERFtcwREQEREBERAREQEREBERAREQEREHoD9Mv5o+wfe0/TL+aPsH3tX+iCgP0y/mj7B97T9Mv5o+wfe1f6IKA/TL+aPsH3tP0y/mj7B97V/ogoD9Mv5o+wfe0/TL+aPsH3tX+iCgP0y/mj7B97T9Mv5o+wfe1f6IKA/TL+aPsH3tP0y/mj7B97V/ogoD9Mv5o+wfe0/TL+aPsH3tX+iCgP0y/mj7B97T9Mv5o+wfe1f6IKA/TL+aPsH3tP0y/mj7B97V/ogoD9Mv5o+wfe0/TL+aPsH3tX+iCgP0y/mj7B97T9Mv5o+wfe1f6IKA/TL+aPsH3tP0y/mj7B97V/ogoD9Mv5o+wfe0/TL+aPsH3tX+iCgP0y/mj7B97T9Mv5o+wfe1f6IKA/TL+aPsH3tP0y/mj7B97V/ogoD9Mv5o+wfe0/TL+aPsH3tX+iCgP0y/mj7B97T9Mv5o+wfe1f6IKA/TL+aPsH3tP0y/mj7B97V/ogoD9Mv5o+wfe0/TL+aPsH3tX+iCgP0y/mj7B97T9Mv5o+wfe1f6IKA/TL+aPsH3tP0y/mj7B97V/ogoD9Mv5o+wfe0/TL+aPsH3tX+iCgP0y/mj7B97T9Mv5o+wfe1f6IKA/TL+aPsH3tP0y/mj7B97V/ogoD9Mv5o+wfe0/TL+aPsH3tX+iCgo/+Gl0UjJW7p9Zjg5v+odoNf+1r72Tdy7b3xHZ3h0Nlklxs/wAn1i6kZp3eI0elX0qU6s4SSwzUObthpjvgKvbwLLiIDiCORc0A+cFVt1ExFMtedJ+x3v0/kpktuPT8s6V3WOYie69Ynl7uPufXV3EPtM1b5iNv0N/GI5HDsmhHCv8AMynoVc/KrTgagEcKq9XCHqPsRrmEDIBoLSeHh3sI4+YO/c5UY9jo5JI5GGKZjiyWJwoWOadL2keQqpuKfPF4+nJGsS9J6FuLW21trl4ZtpM4rx29MfTPh2e5xq1NGk8R3itOytaJ6wqAKEGjaDiTyp8K4dQCh4cag8uf9itrptsIxeDuTNRUfQPx1m4eyOyeQH5X8A7OfPlhix2yWitfGZ9i5v8AfYdlgtmy+FK/mvbuj8VcZrbmYwcds/K2b7dl2wPifz4niGOI4NkHa08Qu2xzr2sbFe1JA/xufAfxU/ert3luLG4dkFpm8XLe4m8Dm3dyIxJFF/AHA8yTx7KdlVVdxtjG5/czsZsWUy2XgC4mnnc4wxHiQxrtOunFooeNU3O0pPyRPVOscOV417nP2Hqttzg8zd4fJiK2v50ccPTWdJiZ/Lb+GebrZfMkGqN2od4NV9e8nyrAy+yNz4GGW7vrMstouL7uGRjmCpAqdJDgKmnELBx2Dz+XjdLi7W5vImu0vkiqWh9PZ1E+WqoW9PyRbSLT4TWdXQrl21sfm1y47UidOuL16de6Z7JbebJwW4rK/T3N5uPmC0mQykt83QCYbccaGhLj2aviW9wHT7P5zxJo/Cs7e3lfb3ElwTrbJEfpGaG6i6h4cwpH0oxe3MlLdz3cAuMrYyB0Il4xiImjJWRHhqDgak1pworG32MxauvGba6TaNI4d0K+43+1wYs2av8AWnb9PXXH801m/CvVPKENuNoZ60wTdxT2pis3PAo40lax1NMpYRwY5xoO1aQtqS3jpYeLR3c1e25NtXOYyz73cmUZDtSya2WOzY4xanget47vIe2taGgoqeyuLj/17J4SGebb0M/hQXsrKN4/Jd20B4B3mrQqzlwzS3DXTlx58OdvZVj6X6pG6rPmWr1TpOtImMdOv6MU3t9WSO3RqjqpXtdzJPYO9cNoHB2rSOVfKuQQWguPEtNfMjiAQ8mlCeXPh5fKtOsOt7Es6dYd+X3VaGRuq2sB77NXjxYaRA/5dFuOruVF3nLTERVcLGIvlaOP0k9DQDvDAPSpVsbFwbM2lcZzKDwp7lnvdwDwc2MD6GL+Y19JUD2bYz7w3o7IXrdTGym/u68QAHVZH87S2ncrc0mMVcUR82WdZjuh5uu4pm9Q3PqNp1wen45x0mOVsk/Vp9sfAl/4dJ8m8X9zuP3ea4a174PctfhktH0ev3lurTyrQL4/TL+aPsH3tX+iv1iIiKxyiNHjMuS2TJfJb6r2m0+Np1lQH6ZfzR9g+9p+mX80fYPvav8ARSwUB+mX80fYPvafpl/NH2D72r/RBQH6ZfzR9g+9p+mX80fYPvav9EFAfpl/NH2D72n6ZfzR9g+9q/0QUB+mX80fYPvafpl/NH2D72r/AEQUB+mX80fYPvafpl/NH2D72r/RBQH6ZfzR9g+9p+mX80fYPvav9EFAfpl/NH2D72n6ZfzR9g+9q/0QUB+mX80fYPvaK/0QF1T3MFrGZbiRsTB8p5AH7V83l1HZW0lzJxawVDRzJ7APOq4zN9dXLn3V5JQNBcB8hjR2BY2tp7UxGqbHdGFDi0TuNO1sbyPSG0WdaZGyvw42k7JS322tPrN/mHMLzzc7zu7efxbKzM0DT6xcaOcPIFtcfuSWW+iv7R7oCGF0ZHBze1zH9/JYRlnuZWxzHHSdJ7V9otPtrNtz2LivC3RMPVnYOQd5PIVt9Ta6ajUeNO1bWDlFwHtLi0OBcOYrxCOc1tNRArwFTTig5RFxqaSWgjUOY7UHKIiAiL5dJGw0e9rT3EgIPpFw1zXCrSCO8cVygIhIHEmgRAREQEXy6RjCA5waTyBIC5LmggEgE8gTzQcoiICLguaCGkgE8h2lcoCIiAiIgIiICIiAiIgIiICIiAiIgIiICIiAiIgIiIC0+58FDuPC3GLlo17xrt5T8iZvFj/TwPkW4RRMRMTE8p4M8WS+LJXLjnptSYtWe6Y5KG2TuG42Zn5sflwYLS4f7vesd/opGHS2fzDk4jmOK3vVDZ3F+68U3VG8A5JjOwUAbctA5int+nvW36l7KOWgdncZGXX8LaXMLRxmjbw1D++wekeYLTdO9+Rwtj21n3j3dw8OwupeQB4C3lLvk9jSfMqU1iuuDL9Np1pbuet8+2aKetbCuuWkdG7wR+asc/8AT/RWdvcm1uIbhjWPkge2RjZWhzSWHU0OZxDm+RXNY9WcVcYO5vLqPwMtbM9Wx4ls0h4NML/4a+1Xi3yqNb66cXGLklzG343SY81fPaMFX2/a50Y+VH5ObfMq6Dm8DT1Pk+Wq0xOXBaa9unbxifbDp3wen+s4cWbjbomOU6Xr22x3j2/9k6xXUvdAbNj7mFmWfe6o7ZrmjW2WWuhrBQh7A4+y4fCrJ2ftu32ZgZH3RBu3tNzkp2ivFrS7Q2nyWDgO81PaqV2xnxtjKMyrbKK9cAWASEtLK+06J/GjqcKkKwcj1jgNlA/D2Ljel/8ArEN17DYwDXQ+J3Ek0p+5bcOWkR15LzNqxPTrGukTz8XO9X9O3Frxt9htYphzTW2W1JikXtT6YtH5Yjw4ylGYnfuLp9eXYZpdeWD7hsfdRvitHnFFoujLmnB5ENFB73WnnijUqsdybfzGOja7IWgkuYQJ7cTMq0yN9dmlxB4E05KH9KJrTFWeatLu5hi8G9LA58jWg6G6KguPEeqt06edit1a61mJnwcqkXj0z1DBOK2Oa5sd60mJ4Ra3TpHfppCenFi3x1/a44tjmuzcStc6ukTXGp2o0401OVC4a6v9h7pgdkInwPt3CK9iPEPt5DR7mn5Q4BzSO5WJmN82mA3fFLDdMvsNfwMF8IHiXwJY3OYJm6CfkkBze0eZaPe+/dp560NnDjX38zQ4W97J/q/hO/iYeLyO9pABWvNaluNb9Nsc8I7J7exc9JxbvFNsWXb2z4N9SJyXj5bV51nWbaRw48J8YWfm8dhs5iXwZYtfjnBk7pC/Q0BtHteJARQeWvJVdvDqDae4O23tKJkWO0GCW5DA1hjIIMduwj2T2vPwd6gl5n8pf2Nrjby8klsrRgigtq6YwG8GlzW+1Ty8lrmyUFACewHyLXk3M2j5K9OukTM8/B0PT/Qse3mJ3Obz/LvN8eLWfKrb9+Y7bcIdgbUFp5GgDvJ3BTrpxs1+dvWZbIR/902L/o2uHCeVh4MHexp4u7+XeojiYsVLdB2anfBYREPeyJhdPJ/zUVOA8riVPc11Ot2Yk4fads+zaG+DFcPaGCKKlD4TASdflPnWGGtInryTGleMV7ZnwW/U8+7vX/F2OK/Vl4WzTE1x4qTz0tPO3hy8Xz1R3X+KXjNt4x+u2tZAbt7eIkuAfViFOYZ2/wB7zKd7C22NtYVougBkbwia8Pa3h6kX+QP21VEYbIOw+QiyTYo7maA6omzguYH9jyGlpcR5+aks/U7dUweGzxxa60LIo6tr/CXNc70lbceWkZLZckzNp4REflhQ3vpW5naYvT9lWtcVfmyXvbScl/CNfH4dy+/FZWlanuC5bI13Irzza7i3Vnr2KwflLgidwa8NeWNDRxLi2PS3gBXkrywzXCBg46GNaxmo1Olo0ipPM0HEq3iyxk1mImIjhxea9R9NvsbY8eXJS97xNumms9NeUTMzEc+LbIiLY54iIgIiICIiAiIgIiICIiAiIgIiIMe6hin8OKZuphNSPK0VC0O4LPAstjaXcRDroFkYYTqJpXv8i39057IvFY3U6P1tI5kdtFBd2XM11GJGs8V8dXW4bwOoA04qJmI5piJ1jRXthY213f3EHgFwZ64NfkA9pUxt9l4uW2vHWTnOkbGy5ZXsfQ1b5iFVuHLbi9mvLnJT2TQ1znhh9kM9phbQ15K7NjSfilvFuCGUst7u3bA+zk4nTE5wZO0/J18agrRjjW090reeZjHWIbDYtq+zw0UTubi9/Du1ABabddzlbbeVicJbC5yEthLHCHGjWVcfpH+RqmGIhdCyZpbpY2RzYu4trWoXMmGtZczDnHOk95ghdbsYCPDLXGpJFK1+FXMVopaZmNflmNOzio3jqiIjhxiUKxFxBYbMyuex73HPBrzkbm4DXTNuWGhY7UKaR8kcqLsvJ8/BiMReZe8gvZb69tXMb7tFpijkbqLW6mu9b+9z7lIZ9oYyaXKSNlnhZl2Bl5BG5ojLh/pWhzDR/lWVebfsr6zsLKV8ojxz4pYC0tDiYRpbrq01Hetvm0115621nWNZiNOWvsYdFtNO6NOE/aieTz24rHcb47/IfheM8YNtWyWXjW8sTQKufdNcCwuJp518ZBuafu7NyYK7is5WWEEslxJGJSQ31tLGu9X1u81Ugv8AZGNyN8+8uby/MUjmvlsBcu91eWmvrROrwPdVbBuAsm5C8yLXSCW9gbayMBGhrGCg0DTUH4VPm44iJiI16dJjpjTXWPidFp115a68+KKz7g3HkINssxt1FaXOXiebh74myMBa32w13Hh3VXfYZvMuweRhyOUt7XI2d46xZk3whzHE00kQt0jUa0AW8t9q462OJMckx/BmuZa6nN9YPFD4nq8fgouq62biruzvbOWScNvbn310jHhskc3YYnBvCnlqo8zFwjSIjXXXpjX6p/A6b89ezv8AZ+1gbOy+bur/ACeKzczrmWy8N0c0kDbZ9JAeBjYSKcKgrQb3tIbvd9tHPh5c20WRPukEnhOB1/4hcCOA5KaYXa9hgria6tJbiSW4Yxk7riTxS8sJpI5zhq1cac6eRZTsNauzTM6XSe9MgNsGVHh6C4OrSla8O9RGWlcs3rHDp0jT5eOns5HRaaRWe/x4e9A7cZza+0snfWsDsV4lzG7HWEzhO6CNzgxzXa9Q9aq21/Lum1s7e0Ofi/FptdwI4bJssskY/wBHDFqDaN7SeKk+ZxFtnLB+Ou3PZC9zXF0RAdVjg4cXBw7O5YOa2njs5Pa3U81zbz2jTG2S1lMTnRnnG8gE6fNRTGalpibxETNpmfli3Z8vM6JjhEzyiI46ePJCMnk9wZvbWEu/fhbzSX/utxSMDxJGvLY5HtHCg08WcltN0ZjceO8efHZmOT8Oji98s4bNsh1UqXzyOd9GH8aUW8l2PiJMMMG2W4jtWTm6gfHIBJE8kupG/TyFe2p8q6Lnp7hbqaWaa4vCLiNsdxEJyGSOa3Q2WRoHrP4V48K9iyjLh1jWOETbSOmJ4TKOi+ntmI469zDv8nubI5uyxmHv4rBt1j23cjpImy6XEtqWB3E86c1udo5W+ymLeckWvvLWaS1nljADZHRGmsAcOPkWkyW0ZcjuO0Y911Fj7bHiBmQglEUrZGuFBqZTiW8/VopXhsPZ4Kwjx1iHCGOpLnnU9zjxc954VJWGScflxFdNeE8I8ddZZVi3VMzrpx7fwQDeuJlkzlxkr7GzZfHCFrYZLSbRNYuYNT36K0p8ri0rcOyTJbzaBs5fera5EgFxcxxvncGsHra3N1Md/FpotjmNk4vMXz8ibi7sp5WhlybKbwRMG8B4ooa8OCzjtvGiXFyRB8LcQHC0ijI0UcNJ16gSeXepnLSaUiZmZrExy4fTp96Oi3VaY7Zj70IZn94i0dnDkIXWEGRNm+zMDNb4zKI6mQDhTV2LaX+Y3NeZTMHD3cFpZYOOklvNG17p3mMyatZ4sp2dnet2No40YuTE+JP7vLde+udqbr8TWJKA6KaajuUR3Vgs1LuG6u7bESXttc24iY+0uBbsc6haHXjHH6TTzAFPKs6WxXtMRFY0101iIjTh39vNjMXrHOZ5cpl9Xdxlspc7OuoJ42ZO5gmd7zKwOY1zo/WfoZpBp2DkpTtDI5S9tr22y8zLm7sLqS2dcsYIxIGng7Q3gExm2IoYMHLePd75h4TGwRkeGS9ul2oFpJp2cVs8biLbFvvH27nuN7O65l1kGj38w2gHBa8mSk1msRHDlOn8U9vdozrW0TrPbz4+xnoiKu2CIiAiIgIiICIiAiIgIiICIiAiIgIiICIiAiIgIui9u7ewtJr26f4dvbsMkr6F1GtFSaNBJULveqm2INQt5J7kgVHhxaAT/DWUsP8AyVja9a/VaI8Zb8G03OfXyMN8unCZrWbRHjPYnaq7fvTf3x0uZ29GPeHVfc2AHCR3MyRdzj2t7fPz6brrDB63ueNe40Gh00oHHtq1jD/nLS3XVjPyl3u0NvbgkFhDXPc34XuLT81aMuXBevTadfCHa9N9N9Z22aM2HHGPstF7Vitq91qxOrv2h1KucFoxG4y+axj+jjuCCZ4NPq6XtPF7B6R5VIs9sTb26YfxrbV1HbXEwLhJF61tKTx9drfYd3kfCFU2Yyt1nL12Qv8AQ64f7TmMbHXzhgbU+UrDhfK1hitnvayRwJjic4Bzhy9VnMqtGWNOi8eZWOWvC0e93cnpV/Nru9pk/wALNb+7FP6mK3frX5dWdmMNk8HO6HJQBpqQyRjhIx38rmGnwGhWu1ktAIII7uSyLKwvcjOYMfbS3VwQXuZC0vdTtc6nl7SsyTb+Uhxpy07IorOulpdNHrc/6tsYcX6wDXTStFq6f3YnT4/a6cZOiK0zZqdfCOEdGszy0rM2ni1Ghx4aW861PE+XsXJj1O1Opw4AAcB8C2seJaMX+LXt5HZxSmVljE5j5JLh8I9fSIxRjQSG6ndq2Nzs2/tLK+yEzne62tpBeW9w1n0U4mMepjSTUFgk7K8QkUnnEdnHwRbc4azFbZJiZt0RrrETbWKzFZ5TMTPHRGtArWpr6P3IGNFeHnrxU2utrYe1zpxzDJcRW1tcXkkDbiN9zc+DE2eOLREysGsO7dTiF8bctsBkI8je3llHYstJbSa0ZO6SSGsniQtjne/1/d3zaC89iy8udenWI5x8ObRO+w+XOWuO969NbcIiZ/qW6aRprrrKG1a2nIdy+42SSuYyJjpHycI2sBcXHuaBz+BSnaskmMzeVtciW214+1nZ/ixW+m4Y9krWxTuDo49XEBwFKclsLrclnDk82IJ4HMdBJeYudgqLfISxNgmit5GBofra5w1Uo5wDkikaazOnHTTROTd5IyWx48PXEUi8Wi3yz1aRHKOXHn3RKCIuAAAAOQ4LlYLwiL7iDHSMEjtLSRqdStB5kRM6Rr3d3H7Fg9OsIXl2Skb60n0cNR8kH13fCfV9KuW2iEUTWjuUU2o2zjt4WWxBgaxogcOILByd8PM+VTEUpwXVx0ilIrHY+Z7/AHV91usue8THVbhWfy1jhWvugREWaoIiICIiAiIgIiICIiAiIgIiICIiAtLf4Fk7jJbEMqdTo3cq/wB3uW6RRMRPCSJ0VEzpheT5ieW7hEWOdJ4jYonNJeeDqPJIo0urWisbH4aKyt220TGwQj2mR8z/AHfI1bdFjGOscWdslrcJcABoDQKAcAFyiLNgIiICIiAiIgIiICIiAiIgIiICIiAiIgIiICIiAiIgIiICIiAiIgIiICIiAiIgIiICIiAiIgIiIOCA4EEVB4EFUx1E2GMW52bw8f8AqL3f6zbtHCFx+U3+4T6Dw7ldC+ZI2SsdFK0PjeC17HAFrmkULXA8wVry465K6T7p7l30/wBQzbLPGXHxieF6flvXu8e6XlJFO+oWyBgJ/wATxrScZO6jmczC88dFe1p+SfgPlghNOJXNvSaWmtucPoe03WLdYa58M61t8a27a2jvhwSWjU3m3iPOOIVhX2cw792x5B93L7vjbeW6gcHxPi8WSBpihsY2saGubI7k8niOKgUVvcTtkdBDJK2FpfMWMc4MaObn6QdI4dq2UW2M7JdWFiyycJ8mzxrJpLaPjpqMlQaNbTjxU1m0co14xPw5Ne6xYLzE5ckU6aZK84j5bxHXPHurDd3OT29esyVvb3smMjzDre9fJ4T3eFcQmRs1vMIaVbIXeK0s4V4cFoH30DMPdYZmqYG+Zd21zp0AtbG+F5cxxLgX1aVtI9kZD8ZsMLPe2bZch4vhSwyeO1phGp7HhlCD2BcM2hM3CZnL3MkjH4a4EDrcRkNmYHtjfIyR3LmacCpmLz+XTTX9s/e0Y77LHpEZ5vFrY7ViePzdXlY5i0Rrzr08Z8WutszEzHNxl/YRZCGB8ktk6SSSN0LpgPEH0RGtji0O0ntSTcF+4g/Rt/7vGIf6tQ63AAqdR4P4DiO5Tmx2JgPxm2u2iW921c419+x8ryHeJGW6mPfFp7HVp5+5Y3TvDY29xt5lr7EjJtkvYrSFmkyGKJ4Ake0dzBICT3BZRjvrFZmI11+Ff+uDVff7KMeXNXHa/RNZmJ4fPmtMTWItOlba1mbckPmz2dvpLUOuZHT2xabUwMDJQ5jRG12qFoe5waKVJWJkLzI3ly+bKTTS3JAbI64LtdByaQ6lAO5WFt23ds7cGfwc9neTCRrBbZOwi8a4hgcXeG/TpdwdqFSAfWHFRrqDi7rGbhlZdXzsjNdQxz+8SNDJQCDG1kjW0AIDOwDgsbUtFOqZmZ10mO5t226wX3UYceKlKzji+K8c71tFbTpERpWOPGJnX2MOXZ+4be6sLG8sTbSZJ/hWZlc3QXdznMLtJ8hWwxeyJr38Wdf5CLHsws3gXxMb5iDy1MDKVHDgp1JubFzSYKyzNwz8Pv7K1vILqo1Wl/bEODyfkh3Lj2+Qlau03Xg8TufdMjckY7HKMiktLy0YZiJtNHFg0uGppcefBbPLxRMfNrGunGf4dVL/APQ9RyY7xXFNbxTqiaUm1baZYpbp6otx6erhpPLVGYNo2t3jb68sr2SebHZCO0uIzH4YNtK8RsuAx/rgnVyPKhUmvNg4bF5HKvMb7nGQYqa6szK8nTdQuLHhzmaa6SAaeVaDG7us8Fue+ydu65y2Ovog25F0GMmlkADg9wADRpeOHDklz1BvZsdmsW20b4GXnnlY98hL4GXFNUbaCjuIqoicURxjjx9vLXT4s8uP1S+SIx2t5cxWZmZik6ZOnrj8s9VJiezlLc4jEYbKbWt4tuWmNyGYfbP/ABGK9eW3rZtPtQjjTS7lyHLiq1oW1a4EOb6rgeYI4GqkWP3rlsVj47Gwt7OGaGN0MeSEAN2I3Ekt8Qny9yj2lxqaEnmSePHvK13tWYrpziNJ4aQv7LBnxZNx5k9VL36qTNpvfnOuvZEctEq2fup+GnFrducbN5qHc/DcflAdx+UPh587wxeTjuomkODtQBa4GoIIqCCOYK83QY2/uiBbW0sxJDfo2OdxPIeqCrI2Lb7ox8os8hYzssePhyyjQYne17L6O0u83Pj3qztsluFLRMx2TpycD9Q+n7aerd4cuOmTnkxzasTf+Ksfvd8dvjzt3mi6rcuMY1c12q48oIiICIiAiIgIiICIiAiIgIiICIiAiIgIiICIiAiIgIiICIiAiIgIiICIiAiIgIiICIiAiIgIiICIiAiIgIiICIiAiIgIiICIiAiIgIiICIiAiIgIi1e4czDgcPdZSah8Fn0TD8uR3qsZ8LufkUTMREzPKGVKWvetKR1WvMVrEdszwiFXdWtxe930WBtn1hs/pLmh4GZw4NP8jT6SVX2Ov58VkLbJWwDpbWRsrWuFQ6nNh/mHBfF1czXlzLdXDzJNM90kj3cy5x1EnzldIBPIVXLyXm15vy48PZ3PpWy2VNttKbXSLRFdL/x2t9fx+5cOcZZ2m2dzbnxrgLTclvamEN4EPkrDM13z+PlqtS7ISjF7FyljfwWd7C2WyknuCDGxunQGzsrXQ7w6V7FX7ZsnPbR4xss8lq11YrMOcYw8nVVsfKtTXksu22tn7wB9vjJ3h9QH+GQ0073uAb+1bPMm0/LWeUcu/q6teChHp+HBTTcbmkTGS0xa/TGuLyvIrS3VPHSvGU3zWV25j8pgMmHWAzcF4JcvNiAXW/u5qHl3D1nGo8vNY2Q3/BdybnsLy5nvcXkYvCxAYxrRGSDzDtBDQSOfHgtRa9N9zztaXW7LcGvCWRgI87WFzuPmW4tek2QeGm6vY46j1mxtdIQfh8MftWWmedemmkTOvd2acVa1/RcUV87dxltSOmsx/U00v5kdHTFunSeEceTR4jfWQxO27rbjYGzsnbKyC4c4gwMnbR7Wtoa8SXDiFgW26crZYAbdsH+6W/jGeS5gc9k7y75Bc1wGnl6FYtr0kxrKG5uZ5jSjgwMjFe8VEnoW6tOmu27fibMykihMsjz8PquZxUxgzzpraI0jTn2MMnrXo9JvNMN8k3yRltpX5ZyRyt81vwVFPu3c9zcxXhv5I7mGEWrJ4QI3mEHVoe5oq/1hXj2rXGHJ5KaS4c2e8neQZZTqleSeWp3Er0Pa7TwtpXwbC2ZUAGkTDUDl7QK2bLKJnAVHmWf+LM/VkmVaf1Nix8Ntsq04aa9URw7tK1/F54g2TuecnRi5m1IDjI3w+fb9JpqtvB0w3HKR4pghFQCXSajTtI8IPH7VejbaFvJoXYI2DkAso2mOOczPvVsn6n39vorix+FZmf8AymVP23SOU/8AWcgOfKKIu4ed7mcfgW2tukmJZ/j3FxNUDkWR0PaeLZFZdAOxcrZG3xR+WPfxU7+t+pX57m0f7YrT/wCMQhlr0421b1/1ESVpXxZJHcu6jmrc2u2MRaV8Cyt46kElsTAajkfZW6RZxSscqxHhClk3O4y/3c2TJ/utNvvY7bONvCp48+K+228TeTV2osmlwAByXKIgIiICIiAiIgIiICIiAiIgIiICIiD5e8sAIa51f4V1+OfqZPQPjXciDp8c/UyegfGnjn6mT0D413Ig6fHP1MnoHxp45+pk9A+NdyIOnxz9TJ6B8aeOfqZPQPjXciDp8c/UyegfGnjn6mT0D413Ig6fHP1MnoHxp45+pk9A+NdyIOnxz9TJ6B8aeOfqZPQPjXciDp8c/UyegfGnjn6mT0D413Ig6fHP1MnoHxp45+pk9A+NdyIOnxz9TJ6B8aeOfqZPQPjXciDp8c/UyegfGnjn6mT0D413Ig6fHP1MnoHxp45+pk9A+NdyIOnxz9TJ6B8aeOfqZPQPjXciDp8c/UyegfGnjn6mT0D413Ig6fHP1MnoHxp45+pk9A+NdyIOnxz9TJ6B8aeOfqZPQPjXciDp8c/UyegfGnjn6mT0D413Ig6fHP1MnoHxp45+pk9A+NdyIOnxz9TJ6B8aeOfqZPQPjXciDp8c/UyegfGnjn6mT0D413Ig6fHP1MnoHxp45+pk9A+NdyIOnxz9TJ6B8aeOfqZPQPjXciDp8c/UyegfGnjn6mT0D413Ig6fHP1MnoHxp45+pk9A+NdyIOnxz9TJ6B8aeOfqZPQPjXciDp8c/UyegfGtBunb0W6Ybe2upbmC3geZHRQhlHuIABdqr7IrTzqSoomImNJjWJZ4suTFeuXFbptXjExziVewdNNuRODjaXM1DqHiyd3Z9H4fBbi22fgLYh0eIjDgdQLmCQg+eVzypUiiMdI5ViPc3ZN7u8v9zcZb+y17THwauGytoAGw2xiaOIbGxrBXvo2gWQGR1qYJCe8gfGsxFkrMYOYOUD/QPjX2JacoX+gfGu5EHT45+pk9A+NPHP1MnoHxruRB0+OfqZPQPjTxz9TJ6B8a7kQdPjn6mT0D408c/UyegfGu5EHT45+pk9A+NPHP1MnoHxruRB0+OfqZPQPjTxz9TJ6B8a7kQdPjn6mT0D408c/UyegfGu5EHT45+pk9A+NPHP1MnoHxruRB0+OfqZPQPjTxz9TJ6B8a7kQdPjn6mT0D408c/UyegfGu5EHT45+pk9A+NPHP1MnoHxruRB0+OfqZPQPjTxz9TJ6B8a7kQdPjn6mT0D408c/UyegfGu5EHT45+pk9A+NPHP1MnoHxruRB0+OfqZPQPjTxz9TJ6B8a7kQdPjn6mT0D40XciAi65xMYXi3LWy09VzuIHlotFavkucPFcXt9LGGPl8R8Z0PkOstY0EcR5ggkKKOzQXrrG0E1zPHfzuELA2QsAFXOD5Gt+UGc/Ks/JumsraC5jleW2r2GeprrjPqO1d9K1U6DZoo5LlJW3jr0uc+zEphijY4tBEcbnvfQe1XyrmPcF8YjPLZEQ0ZJ4miRrQwn1gXSNAJA48OCaGqRItC7PXLi5lvbCWYOkIjBNTG0AseBSvralm4jIvyEUjpfDD43aSIyeHkex4D2GteDgo0GxRdXjt8F81C1rA4nxAWez2nVTh5VDbzc+RlguYmCMOi8Ga3uLbxGskYZmMLQ+ZrQ5pr7TahNBN0UaOeyjZji3W8BynjCJpD3+76SwTaySNfsnlTmlvueeZ8sTrZjXwW000vrEjxYJHxOa3h7JLKg81OhqkqKO7fyGRvslkTdOZ4AjtnwxNLjo8SPWQKjypDDdxZuJttfz3Zq92TbI6sLGEfRtYzkx+qlAOyqaCRItDfZ+ayvJrR0DT4bonMdU8YSC6V54c2ALAn3ZflzY7Kx8Z7vElbpZNKHwteY4yPAY6jn0rV3qpoapaii7903z78Q2uNmfBG6Jlw3wZnStdI1rz6zGmNujUKhzgVj4bO5OW3vI4ozeSWbp3P8Vx8WSsr2xNhaB6zQG8T8A4pojVMEWn2/l5stBM6cRCWFwa5sLnVFR7MkcobJG4dzgtVLu+W2uZxLFFPatillhlt/EILohXwzI9ojcew6CaJonVLUUYO4crA+a1urWD3sCAW/hPcYy+4OlusuAIDe1bbFZCe8bcxXkbY7qzlMM3hEujcdIeHM1Ud7LhzUaDYotblsibLEzX8YLXNDWt8QFukveItTg7sGqqiO734zCWLHtlc7MzUdHfVLpKjiSDXgO5TECwEWg2bl7jN4C3vrsfT1dFI4cNRjOnX8K36gEREBERAREQEREBERAREQEREBERAREQEREBERAREQEREBERAREQEREBERAREQEREBERAREQEREBERAREQEREBERAREQEREBERAREQEREA8RRa52FsTFFC3xY2wOc+Pw5XsIc81Jq1wK7slfNx1nJdGMyltGsjbwLnOOlra9lT2rEhy9xHKyHLWRsjKQIpWv8AGhJPJrpA1mlx7iPhQZrLGBhhcS977cOEb5Hue71+dS4mvLtXdLGyaN8UgqyRpa4d4IoV9rGv7xmPs5ryRpe2JtdDeZJNAPhJQdbMTYMgt7dsX0VsSYmkk8wWnVX2uB7V1x4PHxskjDHOZIwxEPe52mM/IZqJ0jzLphzF1G9jctYmyZKQI52SCaIE8AJXhrNBJPDhTyravLgxxYNTgPVaTSp7qpxGGMPjxX6LnELfi4+w3l28/Ku20sYLMP8AC1OdIaySSPdI9xAoKueSeCwYcteumitZ8e6O5LwJ2MkD2RxOHqzB+lupteHLmuy+yd3FeCxx9mLucR+NLrlELWsJ0to4sfUkgqeI2MkbJY3RSDUx4LXNPIgihC039J4bw3xPZLI17Gxu8SaVx0NcJGsBc4kBpHALtZmnTBjIbOU3QkZHc2r6MfEx1fpuPtMHeFnX92LGynvHMMggY6QsbzOkVoo4jB/pzGeA6Gkpc6QTe8maQzh4FA4TatYoOHPkvmXbGImjijMcjGwsdH9HLIwva86niUtcNep3E6u1d2OyVxdTSWt7aG0uY2iRrA8SsdG7gHNeGt7eBFFslPEYVpirOynkuLZrmPlZHE8a3FpbENLPVJpUDtXTZ4KzsZ/Ht5bkHU55jdczPjLn8yY3PLf2LZrX3eQuLO4b4ttWwOkPu2yVLHONBqi0+zWnralA+7jE2F1dC8nj1TiF9vq1EfRye0KA0+FY0u28VLFbxaJI220fgxmKV8bjF9W9zHAuae4rY3D52QPfaxCeYCrInP0Bx/no6noXTYXpvI3iSMwXMLtFxATq0O58HUGppHEHtQY0m3sVJcNuPCcymjVCx7mQv8MUj8SJpDHaRyqEG3sU1oaInUHij23cfGd4j68ePrCo7uxbREGHYYy2xzZBB4j3ykGSWaR8sjqCjQXyFzqDsWA7bGOjbI+3jL5SyRkTLiSR8LRKCHM0auDDXkFu1w4uDSWjU4DgK0qfOgjeN2sIm3f4m8TG5EbWiN8pLGxewWyzPdJqB5HVw7Fu7HH22OiMVsHeu4vkkkc6SR7jzc97yXOPnXVYZCe4lktr6290umAPEYeJWuYflMfpbXuPBZzi4NJaKuA4CtKnzqR1XVrBe20tpct1wzNLJGntBUJZ08kZJLE+9FxZyn1TOHOlY3ubx0fCQpbY3888klte23ul0wB/hh/iNcwmgc1+lteI4inBZ6azAxMbjrXFWUNhZt0Qwt0tHae8nylZa0tnnZrm4jbNZOhtLh747W51hxc5leEsekeHWhpxKyr3IXFjM1z7XVYU+lumv9ZhPKsWni3vOpQNgixrG4nurcTXFu61kLnAwucHGjXFodVvCjgKhZKAi1eSyl3aXLLWysTeSGJ87x4gjoxhDaMq12pxLuSzrW5jvLeK6hr4crQ9tRQ0PeEHciIgItPkM1cWd1JDBYuuYraNs93KJAwtY8uFY2Fp1kBhJ4hbaN7ZY2Ss4teA5vmIqEH0iLWZDJ3NtcxWVjaC7uZWukLXSeCxrGmldel/GvZRBs0WDY5Jt250EsT7a7jFZLeXnTlrjcOD2V5ELOQEREBERAREQEREBERAREQEREBERAREQEREBERAREQEREBERAREQEREBERAREQEREBERAREQEREBERAREQEREGh3fbRT4O4dKHExUewte5lHVHH1C2vwqPZKwwtq3ORX0r4xEGGzimup+IdE13qMdL6/r17DxU2vrKHI2slncavClFHaTQ9/ArDyGFxd06e9voxLJ4RjbI/TWKOnrCMvFG151PapiUTCLe6YmJ0rrueS3bFYxuDJry4a58zmGTxIm+L6w7OFePZ37O5srd+yXB3iOHu/jgullLtemuouL9XwE0WwxkmKzdkGNgB8Bghb4nhSvaymkOZLE6Vhr3tdzWe/G278acW4u93Mfgk19bTSnPvTU0QuWPbUWXbjr187ofcg64thJeSjxHObQuaxzuBbXyLmGwtvwmDIidsVv65Lrme9L5SHHRHG2Odhbw/uuP91TuOCKLSWNGprRHroNRa3kCViwYiwgENI/EdblzoXyesWl51EjypqaIjgLO3mvMLeObK2WaO5keHzzvoWSeo0+I/iGjhQj4Fs8jjbefcjnB8kMsljI7xWSS+q4ODQ7Q14BoDy/tW5gw9pbTQTxl+u3Eojq6o+ndrfXh38l3mxhN+3InV47YjCOPq6SdXLvqE1NEEjyuNlwr7KK5kmnbcstoJ2tuA4xGaIPYJyNTQePAvWRlcS2WV8OJt5Z7TS+Kd7H3Fw9so4OY5st9bAcD3OqpVl2Y2PHubfEw2xkjcRC06i8SNe0NbG1znEuHIBYox+NzJOSx93PbOl+jnfbOMTn6eGmZkrKhzfMCmpo1WFx+OZmrOa1MrmnHtla6SWYkv16SSx8jx/k8l1Z2CD8XcyK0ujLGx11OfeZmQyxEU9RrJa6mu7GtUpt8TZ2k8U9u0sMMAtY2A+qIw7VyPbVc3+Nt8g1nil0csRLoLiI6ZI3HgSx1D+0UTU0V7JbxF1yG3Yn0WkMzXWdzchjXvmDHAh1xJ61OHP4AtjlcbIIcnFDiHiC3gLm3k2RuQHgxk6mReuDpp7JKkTNr48NkEkk0rpmCOSRxY1xa14lH+GxgrqHctrc2sV1aS2ctfCmjdE+hodLhpNCmpo0N9bW9vteLTE6RsUcb2B007Q0uoC9743iQtbWpFVFfdYIr7ISMvLWWG1hje+Zs13okeeUTQy6LtR5V1u/lVlRwxxQNtwKxsaGAO41AFOKxIsNjobqS6jga10jWtMYa3wxoNQ4Npz8qRJo12ThtLXbZcbeQsjY2Rlu6eZrmyPPASStfroC7jxUWjs3+PLb3rw2eKzupZIbe4u2FksYYWEtkuJNTaGrXV415Kx5I2SsdHI0PY8Uc08QQVqItrYW3kkltrfwHyxSW8rmOJLmSAA1L9R4U4dyRJojklhDJaeDZW7n3Edky4ubufIXUIjMjCQ9rWmXVShJ5KQW1lYSbdLLV75reaLxRK2aZxc6ldTZHO8TmO9ZNzt/E3tvDbXdv4zII/CYS5wdoppo4sLa8u1ZWPtPcbOKz8Qythboa8gA6RyqBwTU0Q/D46zlv8HPE2eSUWpnupTLcObqc0FhL3vLDV3yQfOFsM5ZQz38sNrama8MPjzSyX1xbRsaasa5rYtYPFvGjQtoMQ61v4brGP93hc5zr2DUdElRwLWUIDge4hZGQxOOyrWtv4BMG108XNNDzFWFpompoi1hjsa6+wM9vI+48WGZ7523Fw9r3x+GCR4j+WqvCnHuWZuWKGC7gnktGyi5PhmeTIT2jGua0u9ZsYLAKDn3rbWWDt7P3Sj3PNiJGW3JoDJCDpcBz00oCtjLDDOzw542ysPEseA4egpqaK7t8fjriX6IO8P8Sii0xXM74wHNq8MfrbqqflUWVfQWIs4pLfHPk8Z77WcTZG6YIZxUaHD19VacOClQwNg2TxGBzPp2XQa0gND4xpaAAPZ8i7JcLjJrs3z7ce9EFvigmvEaa6a6a07aJqaNTYWcf9IW7Y7eS6cbdk3gCeVj5H6QaCXVqbXu5LS+4Se92pubB1lHLa3E4g/EbqUuexrHNEtTHp017CVOLO1isbWGzhr4UDBGzUamjRQVK67nHW13cR3EwJdFHJEG19UtmADw4fAmpohGGxsN9eWs+RZPAyaN4t20uIhISNRa2X36d3ACvstqt3grK3G042+FLOJIzI+Jk0ge9wJNGP1gtrTsIWwx2HktZ2uunMuRbNMdjcnUJWxu5xvb7BpyDhxKz7Gyhx1pFZ2+rwohpZqNTTnxKTJor+OK3kYJQXWVvcmWa2myFzck6G+qIKR3LGtfq7ySB2VX3jbNksLZhDcXsv4c25bbC8uGeJIZXtNHa+B0juUuudu2c8zpWSy27JHeJNBEWeE955vcyRj/WPkou+xw1nj5GS2+vVHCLdoc6o0Bzn93Ork1NELmxdblrrqxdYiXH3MwY2+uJnlzGsc0SavDpp1cuIUmtMdC/bcFvHE6UGJkgjdcTR1dQHjM0ueAtjd4y2vZhPMXaxDLbjSaDRMAH/AA+rwWRbwMtYI7eKuiJoY2vE0ApxTU0V9D7jeS45oj91dc3DGuhhyVzPIWfKbKyrPD+FdljjLSV+PkkEsj5Ir0vLrm4Bd4TjoBd4lQB5FNJsRYTSxT+E2OWKUTB8Ya0uc3lrIFSF1QYKxgMBZrPu7ZmsDnVBE5q/Vw4+RNTRDcTj4r66srrIxzQsljeLcUuGNke5tdDJvfp3fJqPUbqWRjLC1mdhdBuZJpJJZLp3j3TmaIzI1ut2vRwc1vDmpLj8M60uGe8FlzFatLcfMdQljY48YnN9h2kcnc/IvubEGK7ivMW73Z7pQ69YCfDlj0kEGOhGqvKlE1NG1REUJEREBERAREQEREBERAREQEREBERAREQEREBERAREQEREBERAREQEREBERAREQEREBERAREQEREBERAREQavPXFxa2JuLe4dbva4AaImzOeXHS1jWvc0Ak9tVGDldzC7urW4kma22jZLMBa27nNY/m5x8bQ7zNJKmt3aQX1u+2uW64pBQjkR3EEciOwrSRbUtm3N4Zpppra6EWpsk0jpHGLskkc6rm/3VMIlpXMlt8vbOsM7Cb25LIJreO3ja4xvZ4rZTEH8aADj2VXfNk84yV8UN5NOdb4oJG2tuGSyRt1vY0vmGmg7XUBpwUivMY911DkMe9sF3EBG/U2rJYa/4bwO7m09i4ZjZ7e6uHW0rfdLrU+WB4qWSkadcRHY7tB+BNTRqcJeZu5vrVl3fNkhltPe5IhA1hqXaNGoOPKq4y99mre8uYrC5lmELPGljitoXCFhFWhzpJWOefI0ErZY3DzWNzbzvla8Q2nupABBLtYfq49iZHCSXU01xZ3sllJcM8O58MNcJABRvtD1SO9vFO0dcb8rNt6K7F81t46IXDp/AaQQW69Hh6qeStVrY59wugxc7sswDIAF491ZRn0ZlNPX8i3oxFvPho8NfgTQ+C2CWlW10tAqDzHJRq5tcVh8zY2mKxbBNat8WVzXMbNJEWPYQxrvXlIpUpAxL/IZm4t9QuJ3uipd2xdbW7GlkT9PjavGNBq4afaoeS3u3475mUyjbi7bOxvhOc1sLYqvkZq1+q4rtt8dJc4u4tbO5a/H3UbjZl7TriLzUxnvaD38Vn2GPktLy9uXvDm3XhaWgEEeGzQa+dNRsERFCRERAREQEREBERAREQEREBERAREQEREBERAREQEREBERAREQEREBERAREQEREBERAREQEREBERAREQEREBERAREQEREBERAREQEREBERAREQEREBERAREQEREBERAREQEREBERAREQEREBERAREQEREBERAREQEREBERAREQEREBERAREQEREBERAREQEREBERAREQEREBERAREQEREBERAREQEREBERAREQEREBERAREQEREBERAREQEREBERAREQEREBERAREQEREBERB//2Q==
2024-03-18 04:23:27.618733,text,rahul gandhi
2024-03-18 04:24:22.152204,text,rahul gandhi
2024-03-18 04:25:02.320222,text,rahul gandhi
2024-03-18 04:26:48.665841,text,rahul gandhi
2024-03-18 04:27:31.286748,text,rahul gandhi
2024-03-18 04:28:36.672380,text,rahul gandhi
2024-03-18 04:32:47.085513,text,rahul gandhi
2024-03-18 04:33:28.638100,text,rahul gandhi
2024-03-18 04:35:14.409627,text,rahul gandhi
2024-03-18 04:36:19.274714,text,rahul gandhi
2024-03-18 04:40:51.090366,text,rahul gandhi
2024-03-18 04:41:10.315106,text,rahul gandhi
2024-03-18 04:43:48.409631,text,rahul gandhi
2024-03-18 04:48:53.773498,text,priyanka chopra muslim
2024-03-18 04:49:05.834753,text,priyanka chopra muslim
